model,split,month,rank_ic
gradient_boosting_reg,train,1990-01-31,0.07847167631284734
gradient_boosting_reg,train,1990-02-28,0.06620876894596514
gradient_boosting_reg,train,1990-03-30,0.10605900930754657
gradient_boosting_reg,train,1990-04-30,0.08170357810569741
gradient_boosting_reg,train,1990-05-31,0.09220886231984647
gradient_boosting_reg,train,1990-06-29,0.15212170283754428
gradient_boosting_reg,train,1990-07-31,0.2205840116573297
gradient_boosting_reg,train,1990-08-31,0.15070971148553003
gradient_boosting_reg,train,1990-09-28,0.21946727061958277
gradient_boosting_reg,train,1990-10-31,0.2249603413497706
gradient_boosting_reg,train,1990-11-30,0.26512590521385787
gradient_boosting_reg,train,1990-12-31,0.14888324142306528
gradient_boosting_reg,train,1991-01-31,0.1285686768094038
gradient_boosting_reg,train,1991-02-28,0.0951377084548771
gradient_boosting_reg,train,1991-03-28,0.01620322187596542
gradient_boosting_reg,train,1991-04-30,-0.0015965391029158537
gradient_boosting_reg,train,1991-05-31,0.15733886023138216
gradient_boosting_reg,train,1991-06-28,0.037729007547319594
gradient_boosting_reg,train,1991-07-31,0.06636488042349119
gradient_boosting_reg,train,1991-08-30,0.05499533124709759
gradient_boosting_reg,train,1991-09-30,0.03630406745629343
gradient_boosting_reg,train,1991-10-31,0.11864130455324226
gradient_boosting_reg,train,1991-11-29,0.1753389397631734
gradient_boosting_reg,train,1991-12-31,0.3226456413678904
gradient_boosting_reg,train,1992-01-31,0.0631229468899226
gradient_boosting_reg,train,1992-02-28,0.22296135729457095
gradient_boosting_reg,train,1992-03-31,0.32921416977745266
gradient_boosting_reg,train,1992-04-30,0.07359777393565176
gradient_boosting_reg,train,1992-05-29,0.24983141845916432
gradient_boosting_reg,train,1992-06-30,0.03981616869643801
gradient_boosting_reg,train,1992-07-31,0.18172723553786063
gradient_boosting_reg,train,1992-08-31,0.02098095635192988
gradient_boosting_reg,train,1992-09-30,0.03994341307160405
gradient_boosting_reg,train,1992-10-30,0.08116700656426859
gradient_boosting_reg,train,1992-11-30,0.023765696942171687
gradient_boosting_reg,train,1992-12-31,0.11722956147778793
gradient_boosting_reg,train,1993-01-29,0.23526368666454864
gradient_boosting_reg,train,1993-02-26,0.05015976376280912
gradient_boosting_reg,train,1993-03-31,0.10736345099575306
gradient_boosting_reg,train,1993-04-30,0.04699338048101236
gradient_boosting_reg,train,1993-05-28,0.09219460252033104
gradient_boosting_reg,train,1993-06-30,0.07946210436134074
gradient_boosting_reg,train,1993-07-30,0.05651535283791906
gradient_boosting_reg,train,1993-08-31,0.0644448624950438
gradient_boosting_reg,train,1993-09-30,0.05858488261909031
gradient_boosting_reg,train,1993-10-29,0.06576925648487318
gradient_boosting_reg,train,1993-11-30,0.15720504638169336
gradient_boosting_reg,train,1993-12-31,0.08474445021950926
gradient_boosting_reg,train,1994-01-31,0.0741266318080846
gradient_boosting_reg,train,1994-02-28,0.10556801494818732
gradient_boosting_reg,train,1994-03-31,0.17994710325128438
gradient_boosting_reg,train,1994-04-29,0.07651488228116346
gradient_boosting_reg,train,1994-05-31,0.1786441544288939
gradient_boosting_reg,train,1994-06-30,0.07863640593121736
gradient_boosting_reg,train,1994-07-29,0.07043672503668494
gradient_boosting_reg,train,1994-08-31,0.06258349009010382
gradient_boosting_reg,train,1994-09-30,0.09762446837123925
gradient_boosting_reg,train,1994-10-31,0.15710910836396794
gradient_boosting_reg,train,1994-11-30,0.2229143701479734
gradient_boosting_reg,train,1994-12-30,0.0136256068016089
gradient_boosting_reg,train,1995-01-31,-0.03266172009252251
gradient_boosting_reg,train,1995-02-28,0.10065566739782039
gradient_boosting_reg,train,1995-03-31,0.03179200004568772
gradient_boosting_reg,train,1995-04-28,0.052212198793118676
gradient_boosting_reg,train,1995-05-31,0.14992912487787652
gradient_boosting_reg,train,1995-06-30,0.11352747735880114
gradient_boosting_reg,train,1995-07-31,0.038091192271626446
gradient_boosting_reg,train,1995-08-31,0.04804077921410234
gradient_boosting_reg,train,1995-09-29,0.30868724167553463
gradient_boosting_reg,train,1995-10-31,0.15071037031087242
gradient_boosting_reg,train,1995-11-30,0.057421381034624144
gradient_boosting_reg,train,1995-12-29,0.022350397090544417
gradient_boosting_reg,train,1996-01-31,0.06516206855370067
gradient_boosting_reg,train,1996-02-29,0.03340060169703391
gradient_boosting_reg,train,1996-03-29,0.1835511458986874
gradient_boosting_reg,train,1996-04-30,0.155139663112553
gradient_boosting_reg,train,1996-05-31,0.3023177758030713
gradient_boosting_reg,train,1996-06-28,0.4222426513540053
gradient_boosting_reg,train,1996-07-31,0.11063083419320863
gradient_boosting_reg,train,1996-08-30,0.12412479502007907
gradient_boosting_reg,train,1996-09-30,0.30694701425457466
gradient_boosting_reg,train,1996-10-31,0.12971255214142655
gradient_boosting_reg,train,1996-11-29,0.213378507956878
gradient_boosting_reg,train,1996-12-31,0.13987112812136404
gradient_boosting_reg,train,1997-01-31,0.22771367123742672
gradient_boosting_reg,train,1997-02-28,0.27941379650381437
gradient_boosting_reg,train,1997-03-31,0.2618684749672393
gradient_boosting_reg,train,1997-04-30,0.1861979530866488
gradient_boosting_reg,train,1997-05-30,0.06566356078895848
gradient_boosting_reg,train,1997-06-30,0.027434461561970415
gradient_boosting_reg,train,1997-07-31,0.10125535362859506
gradient_boosting_reg,train,1997-08-29,0.042167642222916066
gradient_boosting_reg,train,1997-09-30,0.19277391066610813
gradient_boosting_reg,train,1997-10-31,0.3126699381828831
gradient_boosting_reg,train,1997-11-28,0.41126075237895243
gradient_boosting_reg,train,1997-12-31,0.13179500907711802
gradient_boosting_reg,train,1998-01-30,0.18343032686018257
gradient_boosting_reg,train,1998-02-27,0.01630515158707928
gradient_boosting_reg,train,1998-03-31,0.053300963148772286
gradient_boosting_reg,train,1998-04-30,0.2593530914489714
gradient_boosting_reg,train,1998-05-29,0.25974205704830955
gradient_boosting_reg,train,1998-06-30,0.20165197441055127
gradient_boosting_reg,train,1998-07-31,0.41604125271392983
gradient_boosting_reg,train,1998-08-31,0.1495872104651005
gradient_boosting_reg,train,1998-09-30,0.16986914814552714
gradient_boosting_reg,train,1998-10-30,0.07462507790853735
gradient_boosting_reg,train,1998-11-30,0.17564180582663402
gradient_boosting_reg,train,1998-12-31,0.2590176482611943
gradient_boosting_reg,train,1999-01-29,0.16911319579729905
gradient_boosting_reg,train,1999-02-26,-0.005436215767680097
gradient_boosting_reg,train,1999-03-31,0.07602777333636367
gradient_boosting_reg,train,1999-04-30,0.09543149106097804
gradient_boosting_reg,train,1999-05-28,0.11038688574016363
gradient_boosting_reg,train,1999-06-30,0.08496436967283738
gradient_boosting_reg,train,1999-07-30,0.1492537648652324
gradient_boosting_reg,train,1999-08-31,0.11471964719187126
gradient_boosting_reg,train,1999-09-30,0.15566806894294974
gradient_boosting_reg,train,1999-10-29,0.3125721103463912
gradient_boosting_reg,train,1999-11-30,0.2476825240907995
gradient_boosting_reg,train,1999-12-31,0.2860687443578966
gradient_boosting_reg,train,2000-01-31,0.40558790521025856
gradient_boosting_reg,train,2000-02-29,0.3271466712317271
gradient_boosting_reg,train,2000-03-31,0.5561893253569972
gradient_boosting_reg,train,2000-04-28,0.4171044113388891
gradient_boosting_reg,train,2000-05-31,0.30150395902345506
gradient_boosting_reg,train,2000-06-30,0.3213846729718134
gradient_boosting_reg,train,2000-07-31,0.14216061039582717
gradient_boosting_reg,train,2000-08-31,0.3579859058913407
gradient_boosting_reg,train,2000-09-29,0.3736749461858962
gradient_boosting_reg,train,2000-10-31,0.5783280028367346
gradient_boosting_reg,train,2000-11-30,0.40022189764804783
gradient_boosting_reg,train,2000-12-29,0.5190555889608724
gradient_boosting_reg,train,2001-01-31,0.5308738724301015
gradient_boosting_reg,train,2001-02-28,0.40353028639875
gradient_boosting_reg,train,2001-03-30,0.14964352187167226
gradient_boosting_reg,train,2001-04-30,0.07750886322748916
gradient_boosting_reg,train,2001-05-31,0.1699109139143586
gradient_boosting_reg,train,2001-06-29,0.32752050552235296
gradient_boosting_reg,train,2001-07-31,0.32932076877711713
gradient_boosting_reg,train,2001-08-31,0.4397668990847899
gradient_boosting_reg,train,2001-09-28,0.21006001006419675
gradient_boosting_reg,train,2001-10-31,0.2286789308258154
gradient_boosting_reg,train,2001-11-30,0.07177861237525172
gradient_boosting_reg,train,2001-12-31,0.1776997676927316
gradient_boosting_reg,train,2002-01-31,0.39856422140613323
gradient_boosting_reg,train,2002-02-28,0.15630802738969132
gradient_boosting_reg,train,2002-03-28,0.3374068971315632
gradient_boosting_reg,train,2002-04-30,0.24430687607513193
gradient_boosting_reg,train,2002-05-31,0.37571349522877306
gradient_boosting_reg,train,2002-06-28,0.31904578585018345
gradient_boosting_reg,train,2002-07-31,0.1461528037875558
gradient_boosting_reg,train,2002-08-30,0.37852951677347796
gradient_boosting_reg,train,2002-09-30,0.1773184377681356
gradient_boosting_reg,train,2002-10-31,0.3621661335900851
gradient_boosting_reg,train,2002-11-29,0.414957709693956
gradient_boosting_reg,train,2002-12-31,0.11998871452704468
gradient_boosting_reg,train,2003-01-31,0.15460944552384737
gradient_boosting_reg,train,2003-02-28,-0.03507283488642072
gradient_boosting_reg,train,2003-03-31,0.2183528060779993
gradient_boosting_reg,train,2003-04-30,0.3652215354691704
gradient_boosting_reg,train,2003-05-30,0.10281823201911815
gradient_boosting_reg,train,2003-06-30,0.17156000502460153
gradient_boosting_reg,train,2003-07-31,0.14481986778962233
gradient_boosting_reg,train,2003-08-29,0.03855221994700861
gradient_boosting_reg,train,2003-09-30,0.1756850194953683
gradient_boosting_reg,train,2003-10-31,0.039838922474526764
gradient_boosting_reg,train,2003-11-28,-0.11132293241406836
gradient_boosting_reg,train,2003-12-31,0.26079889714233456
gradient_boosting_reg,train,2004-01-30,0.1884860855787853
gradient_boosting_reg,train,2004-02-27,0.15123901808762402
gradient_boosting_reg,train,2004-03-31,0.16463049370823143
gradient_boosting_reg,train,2004-04-30,0.08902711631339125
gradient_boosting_reg,train,2004-05-28,0.12178060123481436
gradient_boosting_reg,train,2004-06-30,0.3767690051621766
gradient_boosting_reg,train,2004-07-30,0.1679282902579053
gradient_boosting_reg,train,2004-08-31,0.1650482694483813
gradient_boosting_reg,train,2004-09-30,0.09107156528441115
gradient_boosting_reg,train,2004-10-29,0.20083746457811766
gradient_boosting_reg,train,2004-11-30,0.134508977634988
gradient_boosting_reg,train,2004-12-31,0.2531148837993102
gradient_boosting_reg,train,2005-01-31,0.1817039107527806
gradient_boosting_reg,train,2005-02-28,0.1511702418380564
gradient_boosting_reg,train,2005-03-31,0.26131117794727055
gradient_boosting_reg,train,2005-04-29,0.08733686490491267
gradient_boosting_reg,train,2005-05-31,0.059191698025704204
gradient_boosting_reg,train,2005-06-30,0.13201960363459755
gradient_boosting_reg,train,2005-07-29,0.07860248300566146
gradient_boosting_reg,train,2005-08-31,0.09535817971306193
gradient_boosting_reg,train,2005-09-30,0.18260540862707358
gradient_boosting_reg,train,2005-10-31,0.15068683798631236
gradient_boosting_reg,train,2005-11-30,0.06763691750064207
gradient_boosting_reg,train,2005-12-30,0.23587787975740954
gradient_boosting_reg,train,2006-01-31,-0.012229251885797864
gradient_boosting_reg,train,2006-02-28,0.1494933462068482
gradient_boosting_reg,train,2006-03-31,0.14460514945070052
gradient_boosting_reg,train,2006-04-28,0.26669547605243377
gradient_boosting_reg,train,2006-05-31,0.115218104310347
gradient_boosting_reg,train,2006-06-30,0.261023642753777
gradient_boosting_reg,train,2006-07-31,-0.020740679725675074
gradient_boosting_reg,train,2006-08-31,0.0829433579189215
gradient_boosting_reg,train,2006-09-29,0.10291281383443864
gradient_boosting_reg,train,2006-10-31,0.03611751315661611
gradient_boosting_reg,train,2006-11-30,0.0689691524151234
gradient_boosting_reg,train,2006-12-29,0.09094961329518757
gradient_boosting_reg,train,2007-01-31,0.027109690120213057
gradient_boosting_reg,train,2007-02-28,0.12283931236113471
gradient_boosting_reg,train,2007-03-30,0.10677792238782197
gradient_boosting_reg,train,2007-04-30,0.15105858582027404
gradient_boosting_reg,train,2007-05-31,0.07317166286324747
gradient_boosting_reg,train,2007-06-29,0.0928678793167846
gradient_boosting_reg,train,2007-07-31,0.19332260646094496
gradient_boosting_reg,train,2007-08-31,0.17988631550974682
gradient_boosting_reg,train,2007-09-28,0.20373992026252277
gradient_boosting_reg,train,2007-10-31,0.319717203469447
gradient_boosting_reg,train,2007-11-30,0.17982642738572704
gradient_boosting_reg,train,2007-12-31,0.24557248622611097
gradient_boosting_reg,train,2008-01-31,0.158978548774437
gradient_boosting_reg,train,2008-02-29,0.2101613407115092
gradient_boosting_reg,train,2008-03-31,0.09709258511440048
gradient_boosting_reg,train,2008-04-30,0.13807081195764642
gradient_boosting_reg,train,2008-05-30,0.31735310783448256
gradient_boosting_reg,train,2008-06-30,0.05706381773834382
gradient_boosting_reg,train,2008-07-31,0.1779344027106846
gradient_boosting_reg,train,2008-08-29,0.24363054004221757
gradient_boosting_reg,train,2008-09-30,0.3669333979019318
gradient_boosting_reg,train,2008-10-31,0.2779181669057158
gradient_boosting_reg,train,2008-11-28,0.10082963294510636
gradient_boosting_reg,train,2008-12-31,0.31785349556527126
gradient_boosting_reg,train,2009-01-30,0.2624658830700926
gradient_boosting_reg,train,2009-02-27,0.24059007211183941
gradient_boosting_reg,train,2009-03-31,0.46934839237526543
gradient_boosting_reg,train,2009-04-30,0.15755003969551118
gradient_boosting_reg,train,2009-05-29,0.06635033691804179
gradient_boosting_reg,train,2009-06-30,0.1281661433670309
gradient_boosting_reg,train,2009-07-31,0.15304975769971774
gradient_boosting_reg,train,2009-08-31,0.17767846910767757
gradient_boosting_reg,train,2009-09-30,0.2896561679822996
gradient_boosting_reg,train,2009-10-30,0.03593095483293456
gradient_boosting_reg,train,2009-11-30,0.13681770370140092
gradient_boosting_reg,train,2009-12-31,0.16905754689006525
gradient_boosting_reg,train,2010-01-29,0.13538704689117922
gradient_boosting_reg,train,2010-02-26,0.18168149995460983
gradient_boosting_reg,train,2010-03-31,0.2316378366244388
gradient_boosting_reg,train,2010-04-30,0.314030959050852
gradient_boosting_reg,train,2010-05-28,0.36239470789520334
gradient_boosting_reg,train,2010-06-30,0.14932538848028384
gradient_boosting_reg,train,2010-07-30,0.33138732817562466
gradient_boosting_reg,train,2010-08-31,0.2515644933121304
gradient_boosting_reg,train,2010-09-30,0.1339478765263629
gradient_boosting_reg,train,2010-10-29,0.11616056351147105
gradient_boosting_reg,train,2010-11-30,0.22321735829898826
gradient_boosting_reg,train,2010-12-31,0.0489525801010909
gradient_boosting_reg,validation,2011-01-31,0.051009100754613
gradient_boosting_reg,validation,2011-02-28,0.0182756034697569
gradient_boosting_reg,validation,2011-03-31,0.02385452944882594
gradient_boosting_reg,validation,2011-04-29,-0.19786357655934325
gradient_boosting_reg,validation,2011-05-31,-0.1314942057817022
gradient_boosting_reg,validation,2011-06-30,-0.04117741747355306
gradient_boosting_reg,validation,2011-07-29,-0.20894041704127866
gradient_boosting_reg,validation,2011-08-31,-0.07661714409529699
gradient_boosting_reg,validation,2011-09-30,0.035532567396754505
gradient_boosting_reg,validation,2011-10-31,-0.1706330782672878
gradient_boosting_reg,validation,2011-11-30,0.010866010489249458
gradient_boosting_reg,validation,2011-12-30,0.21991897469898522
gradient_boosting_reg,validation,2012-01-31,0.04563651099278064
gradient_boosting_reg,validation,2012-02-29,-0.005768512102854348
gradient_boosting_reg,validation,2012-03-30,0.06169265502623866
gradient_boosting_reg,validation,2012-04-30,-0.2763587517170737
gradient_boosting_reg,validation,2012-05-31,-0.029414059806269446
gradient_boosting_reg,validation,2012-06-29,-0.046119892057094984
gradient_boosting_reg,validation,2012-07-31,0.01947378823605746
gradient_boosting_reg,validation,2012-08-31,0.03953144205182188
gradient_boosting_reg,validation,2012-09-28,-0.06358526349502297
gradient_boosting_reg,validation,2012-10-31,0.03956740183637868
gradient_boosting_reg,validation,2012-11-30,-0.06435619035054291
gradient_boosting_reg,validation,2012-12-31,0.059551570390387894
gradient_boosting_reg,validation,2013-01-31,-0.07744288667476333
gradient_boosting_reg,validation,2013-02-28,0.02311331491723727
gradient_boosting_reg,validation,2013-03-28,0.00012902953411060195
gradient_boosting_reg,validation,2013-04-30,0.09099512446112323
gradient_boosting_reg,validation,2013-05-31,-0.05058282638406522
gradient_boosting_reg,validation,2013-06-28,0.14731578620902383
gradient_boosting_reg,validation,2013-07-31,0.00038392849343610986
gradient_boosting_reg,validation,2013-08-30,0.04472108062714875
gradient_boosting_reg,validation,2013-09-30,0.10844928151325088
gradient_boosting_reg,validation,2013-10-31,0.11663660312495058
gradient_boosting_reg,validation,2013-11-29,0.03398478795900432
gradient_boosting_reg,validation,2013-12-31,-0.1552278618507313
gradient_boosting_reg,validation,2014-01-31,0.0550041070265192
gradient_boosting_reg,validation,2014-02-28,0.07350320932363572
gradient_boosting_reg,validation,2014-03-31,0.20240746532862325
gradient_boosting_reg,validation,2014-04-30,0.14531644953736997
gradient_boosting_reg,validation,2014-05-30,-0.11306748092962149
gradient_boosting_reg,validation,2014-06-30,0.0918691506039976
gradient_boosting_reg,validation,2014-07-31,0.06190163799690765
gradient_boosting_reg,validation,2014-08-29,0.023655498217497017
gradient_boosting_reg,validation,2014-09-30,0.12348510027912869
gradient_boosting_reg,validation,2014-10-31,0.1031507970467471
gradient_boosting_reg,validation,2014-11-28,-0.07435676864749362
gradient_boosting_reg,validation,2014-12-31,-0.055960184027511836
gradient_boosting_reg,validation,2015-01-30,-0.05737922609458405
gradient_boosting_reg,validation,2015-02-27,0.030085883763154703
gradient_boosting_reg,validation,2015-03-31,-0.07483347183016233
gradient_boosting_reg,validation,2015-04-30,0.10578974283773317
gradient_boosting_reg,validation,2015-05-29,0.09087740363127456
gradient_boosting_reg,validation,2015-06-30,0.3004110741312256
gradient_boosting_reg,validation,2015-07-31,0.1172295067469265
gradient_boosting_reg,validation,2015-08-31,0.2510518929666635
gradient_boosting_reg,validation,2015-09-30,0.05305821258952929
gradient_boosting_reg,validation,2015-10-30,-0.02153467405694812
gradient_boosting_reg,validation,2015-11-30,0.08557865734810016
gradient_boosting_reg,validation,2015-12-31,0.12661739577293749
gradient_boosting_reg,test,2016-01-29,0.0062894019925506285
gradient_boosting_reg,test,2016-02-29,-0.07593623431560033
gradient_boosting_reg,test,2016-03-31,0.0685182141466685
gradient_boosting_reg,test,2016-04-29,-0.11942985902967382
gradient_boosting_reg,test,2016-05-31,0.15089951271128746
gradient_boosting_reg,test,2016-06-30,0.09640558972430513
gradient_boosting_reg,test,2016-07-29,0.007020338596085164
gradient_boosting_reg,test,2016-08-31,0.07292260865882201
gradient_boosting_reg,test,2016-09-30,-0.19415533601758472
gradient_boosting_reg,test,2016-10-31,0.04254393037577968
gradient_boosting_reg,test,2016-11-30,0.04714988533905009
gradient_boosting_reg,test,2016-12-30,0.00339659650688248
gradient_boosting_reg,test,2017-01-31,-0.0028662263821376804
gradient_boosting_reg,test,2017-02-28,0.0004728421654715586
gradient_boosting_reg,test,2017-03-31,0.03603334885970905
gradient_boosting_reg,test,2017-04-28,-0.11267446729681926
gradient_boosting_reg,test,2017-05-31,0.08920930918040344
gradient_boosting_reg,test,2017-06-30,0.05463917339340235
gradient_boosting_reg,test,2017-07-31,0.10735027978669263
gradient_boosting_reg,test,2017-08-31,-0.06714543052056705
gradient_boosting_reg,test,2017-09-29,0.13014029262156399
gradient_boosting_reg,test,2017-10-31,0.025863697091189585
gradient_boosting_reg,test,2017-11-30,0.05704270681680646
gradient_boosting_reg,test,2017-12-29,0.13664817408002372
gradient_boosting_reg,test,2018-01-31,0.02744387230979568
gradient_boosting_reg,test,2018-02-28,-0.08061393473154117
gradient_boosting_reg,test,2018-03-29,-0.04296978956378578
gradient_boosting_reg,test,2018-04-30,0.06797630935196919
gradient_boosting_reg,test,2018-05-31,0.03314387939949373
gradient_boosting_reg,test,2018-06-29,0.11976193553822388
gradient_boosting_reg,test,2018-07-31,0.04025269385291681
gradient_boosting_reg,test,2018-08-31,0.05968476149975853
gradient_boosting_reg,test,2018-09-28,0.1283542925406847
gradient_boosting_reg,test,2018-10-31,0.12289146522459873
gradient_boosting_reg,test,2018-11-30,0.15677510964943392
gradient_boosting_reg,test,2018-12-31,0.020047254272882817
gradient_boosting_reg,test,2019-01-31,0.03889312553347392
gradient_boosting_reg,test,2019-02-28,0.013108119769602461
gradient_boosting_reg,test,2019-03-29,-0.12458337505719316
gradient_boosting_reg,test,2019-04-30,-0.2712189218290941
gradient_boosting_reg,test,2019-05-31,0.009757286593313567
gradient_boosting_reg,test,2019-06-28,0.036045910052857004
gradient_boosting_reg,test,2019-07-31,-0.16157358904629385
gradient_boosting_reg,test,2019-08-30,-0.18080925077159257
gradient_boosting_reg,test,2019-09-30,-0.04872824411496216
gradient_boosting_reg,test,2019-10-31,0.051124093181638006
gradient_boosting_reg,test,2019-11-29,0.024180290318891687
gradient_boosting_reg,test,2019-12-31,-0.10177270660092522
gradient_boosting_reg,test,2020-01-31,-0.039003889523788256
gradient_boosting_reg,test,2020-02-28,-0.04477288981017057
gradient_boosting_reg,test,2020-03-31,0.23391344639810832
gradient_boosting_reg,test,2020-04-30,0.05617732723672446
gradient_boosting_reg,test,2020-05-29,-0.014984417613002031
gradient_boosting_reg,test,2020-06-30,0.0015955802047258815
gradient_boosting_reg,test,2020-07-31,-0.0953529633673012
gradient_boosting_reg,test,2020-08-31,-0.046251673666072364
gradient_boosting_reg,test,2020-09-30,-0.13558022742045558
gradient_boosting_reg,test,2020-10-30,0.17292424842651402
gradient_boosting_reg,test,2020-11-30,-0.016228525655841358
gradient_boosting_reg,test,2020-12-31,-0.17107346708737511
gradient_boosting_reg,test,2021-01-29,-0.026923751399895952
gradient_boosting_reg,test,2021-02-26,0.19293487753839933
gradient_boosting_reg,test,2021-03-31,0.2023899176835415
gradient_boosting_reg,test,2021-04-30,0.1616422252452217
gradient_boosting_reg,test,2021-05-28,0.0713716660849356
gradient_boosting_reg,test,2021-06-30,0.10663793414048076
gradient_boosting_reg,test,2021-07-30,-0.012003986368115985
gradient_boosting_reg,test,2021-08-31,0.07129368978019929
gradient_boosting_reg,test,2021-09-30,0.1360765015165015
gradient_boosting_reg,test,2021-10-29,0.14495892892847786
gradient_boosting_reg,test,2021-11-30,-0.06629103873853846
gradient_boosting_reg,test,2021-12-31,-0.14912990256662614
gradient_boosting_reg,test,2022-01-31,0.0044853539329503134
gradient_boosting_reg,test,2022-02-28,0.0063069746877945825
gradient_boosting_reg,test,2022-03-31,0.21887406694287087
gradient_boosting_reg,test,2022-04-29,0.0683123205636213
gradient_boosting_reg,test,2022-05-31,0.025029014869549185
gradient_boosting_reg,test,2022-06-30,-0.06891382421728272
gradient_boosting_reg,test,2022-07-29,0.0773539173896065
gradient_boosting_reg,test,2022-08-31,-0.024314853633349592
gradient_boosting_reg,test,2022-09-30,0.05964008416471253
gradient_boosting_reg,test,2022-10-31,-0.18757732445185488
gradient_boosting_reg,test,2022-11-30,-0.03298557134200312
gradient_boosting_reg,test,2022-12-30,0.028600458727746865
gradient_boosting_reg,test,2023-01-31,-0.09323756191285021
gradient_boosting_reg,test,2023-02-28,0.005854866415981317
gradient_boosting_reg,test,2023-03-31,-0.192229345395159
gradient_boosting_reg,test,2023-04-28,-0.06743682938888225
gradient_boosting_reg,test,2023-05-31,0.028650423422953746
gradient_boosting_reg,test,2023-06-30,-0.1151954369571111
gradient_boosting_reg,test,2023-07-31,-0.18781094377837557
gradient_boosting_reg,test,2023-08-31,-0.002949266492997245
gradient_boosting_reg,test,2023-09-29,-0.15041298691513827
gradient_boosting_reg,test,2023-10-31,0.005532523747652138
gradient_boosting_reg,test,2023-11-30,-0.09986688425226879
gradient_boosting_reg,test,2023-12-29,-0.08636621838576665
gradient_boosting_reg,test,2024-01-31,0.06482128256205155
gradient_boosting_reg,test,2024-02-29,-0.12934828017844685
gradient_boosting_reg,test,2024-03-28,-0.12763616044539294
gradient_boosting_reg,test,2024-04-30,0.06690463861662622
gradient_boosting_reg,test,2024-05-31,0.18432894065737063
gradient_boosting_reg,test,2024-06-28,-0.04292130648969167
gradient_boosting_reg,test,2024-07-31,-0.09155272001284812
gradient_boosting_reg,test,2024-08-30,0.02150786837321625
gradient_boosting_reg,test,2024-09-30,-0.03679483520177538
gradient_boosting_reg,test,2024-10-31,-0.056818614809191925
gradient_boosting_reg,test,2024-11-29,-0.034972546578090666
gb_classifier,train,1990-01-31,0.10977969458694241
gb_classifier,train,1990-02-28,0.1299796394933769
gb_classifier,train,1990-03-30,0.08965831023099001
gb_classifier,train,1990-04-30,0.2474225254650833
gb_classifier,train,1990-05-31,0.10182322569365305
gb_classifier,train,1990-06-29,0.14558575339029517
gb_classifier,train,1990-07-31,0.21405636422819072
gb_classifier,train,1990-08-31,0.16480865033323633
gb_classifier,train,1990-09-28,0.2114822899623907
gb_classifier,train,1990-10-31,0.26033850413752213
gb_classifier,train,1990-11-30,0.3032478433194943
gb_classifier,train,1990-12-31,0.15956590041295202
gb_classifier,train,1991-01-31,0.10299493986631866
gb_classifier,train,1991-02-28,0.056207253242954745
gb_classifier,train,1991-03-28,0.047184366060866914
gb_classifier,train,1991-04-30,0.17577181167187003
gb_classifier,train,1991-05-31,0.044050587270808676
gb_classifier,train,1991-06-28,0.1894029788644368
gb_classifier,train,1991-07-31,0.17131189798570254
gb_classifier,train,1991-08-30,0.11640668155578696
gb_classifier,train,1991-09-30,0.11909284219987755
gb_classifier,train,1991-10-31,0.044921812536561086
gb_classifier,train,1991-11-29,0.3551683025798935
gb_classifier,train,1991-12-31,0.15071289410649027
gb_classifier,train,1992-01-31,0.055995315766978596
gb_classifier,train,1992-02-28,0.19094185568507363
gb_classifier,train,1992-03-31,0.3171709985318734
gb_classifier,train,1992-04-30,0.14359460837162238
gb_classifier,train,1992-05-29,0.2275817015144536
gb_classifier,train,1992-06-30,0.14586227084909134
gb_classifier,train,1992-07-31,0.15015708312705087
gb_classifier,train,1992-08-31,0.13518492029169032
gb_classifier,train,1992-09-30,0.15771645116029642
gb_classifier,train,1992-10-30,0.10866185299269059
gb_classifier,train,1992-11-30,0.1320453368440419
gb_classifier,train,1992-12-31,0.040989668953572624
gb_classifier,train,1993-01-29,0.2079800324296315
gb_classifier,train,1993-02-26,0.13523774307150097
gb_classifier,train,1993-03-31,0.052468589471766296
gb_classifier,train,1993-04-30,-0.014942272058423337
gb_classifier,train,1993-05-28,0.09341936935137198
gb_classifier,train,1993-06-30,0.1552079483573093
gb_classifier,train,1993-07-30,0.14099856025156962
gb_classifier,train,1993-08-31,0.10474793316119638
gb_classifier,train,1993-09-30,0.005764662071272304
gb_classifier,train,1993-10-29,0.08090162109333743
gb_classifier,train,1993-11-30,0.2233026649472251
gb_classifier,train,1993-12-31,0.00600761539458388
gb_classifier,train,1994-01-31,0.11119753228082895
gb_classifier,train,1994-02-28,0.06506185923990493
gb_classifier,train,1994-03-31,0.22769022707810793
gb_classifier,train,1994-04-29,0.11783406861994208
gb_classifier,train,1994-05-31,0.2001602579181209
gb_classifier,train,1994-06-30,0.10828871449053432
gb_classifier,train,1994-07-29,0.10765774193679978
gb_classifier,train,1994-08-31,0.050660234504228706
gb_classifier,train,1994-09-30,0.13030865998421298
gb_classifier,train,1994-10-31,0.17850380669444207
gb_classifier,train,1994-11-30,0.2471348445731
gb_classifier,train,1994-12-30,-0.019367132653385695
gb_classifier,train,1995-01-31,0.11999626900312468
gb_classifier,train,1995-02-28,0.10576234007414195
gb_classifier,train,1995-03-31,0.08196962992873023
gb_classifier,train,1995-04-28,0.09822638829884695
gb_classifier,train,1995-05-31,0.06949954870294701
gb_classifier,train,1995-06-30,0.11849609588330413
gb_classifier,train,1995-07-31,0.07657137359231773
gb_classifier,train,1995-08-31,0.10242046405101754
gb_classifier,train,1995-09-29,0.29277168299258505
gb_classifier,train,1995-10-31,0.19402056708988052
gb_classifier,train,1995-11-30,0.15060113338103723
gb_classifier,train,1995-12-29,-0.06716102013673546
gb_classifier,train,1996-01-31,0.059730225554187825
gb_classifier,train,1996-02-29,0.09367098770110721
gb_classifier,train,1996-03-29,0.05024664028082209
gb_classifier,train,1996-04-30,-0.028696062927707492
gb_classifier,train,1996-05-31,0.3185980364243353
gb_classifier,train,1996-06-28,0.4467045336140261
gb_classifier,train,1996-07-31,0.06543598201488669
gb_classifier,train,1996-08-30,0.14870585149506332
gb_classifier,train,1996-09-30,0.34264236898350464
gb_classifier,train,1996-10-31,0.2445418712113185
gb_classifier,train,1996-11-29,0.24624124418868973
gb_classifier,train,1996-12-31,-0.06441527415764475
gb_classifier,train,1997-01-31,0.2400580885368917
gb_classifier,train,1997-02-28,0.2900917532691669
gb_classifier,train,1997-03-31,0.27545930108494243
gb_classifier,train,1997-04-30,0.11044225783685414
gb_classifier,train,1997-05-30,0.1836099773198766
gb_classifier,train,1997-06-30,0.17720585594042532
gb_classifier,train,1997-07-31,0.06517900943978759
gb_classifier,train,1997-08-29,0.08321564768062435
gb_classifier,train,1997-09-30,0.1831793215768643
gb_classifier,train,1997-10-31,0.35571280810858763
gb_classifier,train,1997-11-28,0.44913893855525744
gb_classifier,train,1997-12-31,-0.0845767360362372
gb_classifier,train,1998-01-30,0.1172532677560072
gb_classifier,train,1998-02-27,0.11587410557487374
gb_classifier,train,1998-03-31,0.05365592927785165
gb_classifier,train,1998-04-30,0.22953505477592073
gb_classifier,train,1998-05-29,0.262788976477664
gb_classifier,train,1998-06-30,0.1703284052275902
gb_classifier,train,1998-07-31,0.429515305895418
gb_classifier,train,1998-08-31,0.07218867946716445
gb_classifier,train,1998-09-30,0.21838654126822546
gb_classifier,train,1998-10-30,0.06245681035132542
gb_classifier,train,1998-11-30,0.24199512282557736
gb_classifier,train,1998-12-31,0.053397969930126604
gb_classifier,train,1999-01-29,0.17300019315237555
gb_classifier,train,1999-02-26,0.11220352806070731
gb_classifier,train,1999-03-31,0.09079115844574817
gb_classifier,train,1999-04-30,0.11281435290674542
gb_classifier,train,1999-05-28,0.16469779017177974
gb_classifier,train,1999-06-30,0.07419588785099204
gb_classifier,train,1999-07-30,0.15886922284802754
gb_classifier,train,1999-08-31,0.12046649982195806
gb_classifier,train,1999-09-30,0.18737453776219837
gb_classifier,train,1999-10-29,0.2330863479825306
gb_classifier,train,1999-11-30,0.25306218733370534
gb_classifier,train,1999-12-31,0.24778907324210703
gb_classifier,train,2000-01-31,0.4313576787892811
gb_classifier,train,2000-02-29,0.33474058708039833
gb_classifier,train,2000-03-31,0.5629940953569631
gb_classifier,train,2000-04-28,0.410295775081362
gb_classifier,train,2000-05-31,0.3249597175617482
gb_classifier,train,2000-06-30,0.3254412896763842
gb_classifier,train,2000-07-31,0.1676807080104518
gb_classifier,train,2000-08-31,0.36049963013244746
gb_classifier,train,2000-09-29,0.39149939525435024
gb_classifier,train,2000-10-31,0.5686910340209097
gb_classifier,train,2000-11-30,0.39590240344135885
gb_classifier,train,2000-12-29,0.5237497408925023
gb_classifier,train,2001-01-31,0.5211478046535559
gb_classifier,train,2001-02-28,0.39457880159936726
gb_classifier,train,2001-03-30,0.13827593133787427
gb_classifier,train,2001-04-30,0.09012495273147925
gb_classifier,train,2001-05-31,0.170614653439518
gb_classifier,train,2001-06-29,0.32333383812427535
gb_classifier,train,2001-07-31,0.3206462698034958
gb_classifier,train,2001-08-31,0.4450065337757833
gb_classifier,train,2001-09-28,0.06298596283017789
gb_classifier,train,2001-10-31,0.21326928855691124
gb_classifier,train,2001-11-30,0.08641223784389894
gb_classifier,train,2001-12-31,0.1697574324580963
gb_classifier,train,2002-01-31,0.4272899463205425
gb_classifier,train,2002-02-28,0.14030073397642542
gb_classifier,train,2002-03-28,0.36946854708392374
gb_classifier,train,2002-04-30,0.2518314165636291
gb_classifier,train,2002-05-31,0.41714822699697823
gb_classifier,train,2002-06-28,0.32261164854074115
gb_classifier,train,2002-07-31,0.15458783211385874
gb_classifier,train,2002-08-30,0.39988604973849984
gb_classifier,train,2002-09-30,0.0604479244977467
gb_classifier,train,2002-10-31,0.38768585514222237
gb_classifier,train,2002-11-29,0.4329460225901093
gb_classifier,train,2002-12-31,0.11299377299955016
gb_classifier,train,2003-01-31,0.1843304812967436
gb_classifier,train,2003-02-28,0.0772852686156825
gb_classifier,train,2003-03-31,0.19998787002737295
gb_classifier,train,2003-04-30,0.30818884676158287
gb_classifier,train,2003-05-30,0.04956469006189778
gb_classifier,train,2003-06-30,0.19326014177878018
gb_classifier,train,2003-07-31,0.15399615520835566
gb_classifier,train,2003-08-29,-0.03260019861094902
gb_classifier,train,2003-09-30,0.20538035656057735
gb_classifier,train,2003-10-31,0.10937479565288862
gb_classifier,train,2003-11-28,0.15795489873926244
gb_classifier,train,2003-12-31,0.06925863271286381
gb_classifier,train,2004-01-30,0.22507337346691308
gb_classifier,train,2004-02-27,0.1909666621623393
gb_classifier,train,2004-03-31,0.24399420782482484
gb_classifier,train,2004-04-30,0.15327840183308886
gb_classifier,train,2004-05-28,0.21038662524414892
gb_classifier,train,2004-06-30,0.4517876504610753
gb_classifier,train,2004-07-30,0.21166815850492338
gb_classifier,train,2004-08-31,0.11849173700683115
gb_classifier,train,2004-09-30,0.07991039514871454
gb_classifier,train,2004-10-29,0.18652590672722807
gb_classifier,train,2004-11-30,-0.01014970015079945
gb_classifier,train,2004-12-31,0.31480794342462703
gb_classifier,train,2005-01-31,0.23980731406751635
gb_classifier,train,2005-02-28,0.17429553088689345
gb_classifier,train,2005-03-31,0.3067184595106245
gb_classifier,train,2005-04-29,0.09650630648246405
gb_classifier,train,2005-05-31,0.10435185882831474
gb_classifier,train,2005-06-30,0.0909189874826452
gb_classifier,train,2005-07-29,0.10084465221478482
gb_classifier,train,2005-08-31,0.13453116953589114
gb_classifier,train,2005-09-30,0.17223277887270097
gb_classifier,train,2005-10-31,0.1246143749256862
gb_classifier,train,2005-11-30,0.07680056508092056
gb_classifier,train,2005-12-30,0.1270705160323219
gb_classifier,train,2006-01-31,0.015914627855828044
gb_classifier,train,2006-02-28,0.11683225696561549
gb_classifier,train,2006-03-31,0.1414872217071758
gb_classifier,train,2006-04-28,0.2821470119067619
gb_classifier,train,2006-05-31,0.19312279297604082
gb_classifier,train,2006-06-30,0.31696053027804055
gb_classifier,train,2006-07-31,0.034498127625927875
gb_classifier,train,2006-08-31,0.11813077460439511
gb_classifier,train,2006-09-29,0.10392472222352163
gb_classifier,train,2006-10-31,0.10034258758297925
gb_classifier,train,2006-11-30,0.10537065860251997
gb_classifier,train,2006-12-29,0.09845408293811897
gb_classifier,train,2007-01-31,0.042757282666440175
gb_classifier,train,2007-02-28,0.16997547523713744
gb_classifier,train,2007-03-30,0.17190933472604822
gb_classifier,train,2007-04-30,0.22852309258879652
gb_classifier,train,2007-05-31,0.1273106682474637
gb_classifier,train,2007-06-29,0.13449827770014433
gb_classifier,train,2007-07-31,0.2201340870394213
gb_classifier,train,2007-08-31,0.1877349746695637
gb_classifier,train,2007-09-28,0.2380862003587727
gb_classifier,train,2007-10-31,0.29725768562617194
gb_classifier,train,2007-11-30,0.19031292565495872
gb_classifier,train,2007-12-31,0.2729467437886912
gb_classifier,train,2008-01-31,0.15862503811073875
gb_classifier,train,2008-02-29,0.22107702746140562
gb_classifier,train,2008-03-31,0.19075916015957622
gb_classifier,train,2008-04-30,0.164900170739459
gb_classifier,train,2008-05-30,0.30420679963879294
gb_classifier,train,2008-06-30,0.12378063353592063
gb_classifier,train,2008-07-31,0.23989790971092093
gb_classifier,train,2008-08-29,0.3175753552876909
gb_classifier,train,2008-09-30,0.39488345679070186
gb_classifier,train,2008-10-31,0.27282704267863617
gb_classifier,train,2008-11-28,0.19124816269293798
gb_classifier,train,2008-12-31,0.15434442616626917
gb_classifier,train,2009-01-30,0.24484814892479914
gb_classifier,train,2009-02-27,0.2727318849869722
gb_classifier,train,2009-03-31,0.49107176746540987
gb_classifier,train,2009-04-30,0.10974119317790634
gb_classifier,train,2009-05-29,0.12946517928626744
gb_classifier,train,2009-06-30,0.23387133712098324
gb_classifier,train,2009-07-31,0.11942964088880731
gb_classifier,train,2009-08-31,0.20089283203816885
gb_classifier,train,2009-09-30,0.18717926874104715
gb_classifier,train,2009-10-30,0.20351894895122818
gb_classifier,train,2009-11-30,0.18171156839743544
gb_classifier,train,2009-12-31,0.06832451030172501
gb_classifier,train,2010-01-29,0.19135911411809073
gb_classifier,train,2010-02-26,0.21224268138154298
gb_classifier,train,2010-03-31,0.13691670948421597
gb_classifier,train,2010-04-30,0.37068567310741357
gb_classifier,train,2010-05-28,0.4014629842735234
gb_classifier,train,2010-06-30,0.30591765930981357
gb_classifier,train,2010-07-30,0.33639973210676527
gb_classifier,train,2010-08-31,0.368940891582853
gb_classifier,train,2010-09-30,0.20608954023428414
gb_classifier,train,2010-10-29,0.23887427478406134
gb_classifier,train,2010-11-30,0.24410584426246812
gb_classifier,train,2010-12-31,0.06739457783991634
gb_classifier,validation,2011-01-31,0.14312806353511937
gb_classifier,validation,2011-02-28,0.16486376385987822
gb_classifier,validation,2011-03-31,0.12743978212970733
gb_classifier,validation,2011-04-29,-0.010974044774354935
gb_classifier,validation,2011-05-31,0.10172158816392245
gb_classifier,validation,2011-06-30,-0.027090068528188974
gb_classifier,validation,2011-07-29,0.029778633759963986
gb_classifier,validation,2011-08-31,-0.008571070527028397
gb_classifier,validation,2011-09-30,0.15027931950611578
gb_classifier,validation,2011-10-31,0.1868221510498915
gb_classifier,validation,2011-11-30,0.1587083482405297
gb_classifier,validation,2011-12-30,-0.08417560035711102
gb_classifier,validation,2012-01-31,0.04574918451724864
gb_classifier,validation,2012-02-29,0.03786285864167408
gb_classifier,validation,2012-03-30,0.06930200134527956
gb_classifier,validation,2012-04-30,0.024019284440812586
gb_classifier,validation,2012-05-31,0.008417197491036343
gb_classifier,validation,2012-06-29,0.16451082896486235
gb_classifier,validation,2012-07-31,0.0680594584823543
gb_classifier,validation,2012-08-31,-0.013331209109440662
gb_classifier,validation,2012-09-28,0.06711541617173776
gb_classifier,validation,2012-10-31,0.09594823268836561
gb_classifier,validation,2012-11-30,0.06446680932925723
gb_classifier,validation,2012-12-31,0.09685182245519036
gb_classifier,validation,2013-01-31,0.07018432958529004
gb_classifier,validation,2013-02-28,0.10174699782593286
gb_classifier,validation,2013-03-28,0.07800696014402206
gb_classifier,validation,2013-04-30,0.05602054628542129
gb_classifier,validation,2013-05-31,0.004612791749331364
gb_classifier,validation,2013-06-28,0.10017228046752988
gb_classifier,validation,2013-07-31,-0.02695756457160156
gb_classifier,validation,2013-08-30,0.13369744161476785
gb_classifier,validation,2013-09-30,0.1770453315346347
gb_classifier,validation,2013-10-31,0.07649868881267007
gb_classifier,validation,2013-11-29,0.017784488993148804
gb_classifier,validation,2013-12-31,-0.07240652423471475
gb_classifier,validation,2014-01-31,0.023364305342176428
gb_classifier,validation,2014-02-28,0.15809869392586748
gb_classifier,validation,2014-03-31,0.28425377928515677
gb_classifier,validation,2014-04-30,0.15255812400748245
gb_classifier,validation,2014-05-30,-0.07720661379559969
gb_classifier,validation,2014-06-30,0.1168355282973931
gb_classifier,validation,2014-07-31,0.06686925641100837
gb_classifier,validation,2014-08-29,0.03510750887052288
gb_classifier,validation,2014-09-30,0.14481579979151965
gb_classifier,validation,2014-10-31,0.062468619583428246
gb_classifier,validation,2014-11-28,0.017818245999284513
gb_classifier,validation,2014-12-31,0.07251223133080735
gb_classifier,validation,2015-01-30,-0.15084441001204862
gb_classifier,validation,2015-02-27,0.17089508663565667
gb_classifier,validation,2015-03-31,-0.13173514680647513
gb_classifier,validation,2015-04-30,0.06789501198074362
gb_classifier,validation,2015-05-29,0.09961577274529512
gb_classifier,validation,2015-06-30,0.28886521127554693
gb_classifier,validation,2015-07-31,0.14443551535014337
gb_classifier,validation,2015-08-31,0.3393931331205909
gb_classifier,validation,2015-09-30,0.0373007041987837
gb_classifier,validation,2015-10-30,0.01346947926251039
gb_classifier,validation,2015-11-30,0.12949376346234204
gb_classifier,validation,2015-12-31,0.37113154230633383
gb_classifier,test,2016-01-29,0.04464910950533032
gb_classifier,test,2016-02-29,-0.10133981741887045
gb_classifier,test,2016-03-31,-0.12081269610346625
gb_classifier,test,2016-04-29,0.06404445589264182
gb_classifier,test,2016-05-31,0.17797797637542637
gb_classifier,test,2016-06-30,-0.029097538997102764
gb_classifier,test,2016-07-29,-0.027060082700577952
gb_classifier,test,2016-08-31,0.008506878512604645
gb_classifier,test,2016-09-30,0.17562807759079588
gb_classifier,test,2016-10-31,-0.02961932455641146
gb_classifier,test,2016-11-30,0.11897516042702029
gb_classifier,test,2016-12-30,-0.027785970657293955
gb_classifier,test,2017-01-31,0.04163889973476938
gb_classifier,test,2017-02-28,0.01090992318873201
gb_classifier,test,2017-03-31,0.17523337131320746
gb_classifier,test,2017-04-28,0.0967755931798042
gb_classifier,test,2017-05-31,0.05219086875997918
gb_classifier,test,2017-06-30,0.1232455482955271
gb_classifier,test,2017-07-31,0.10637210297725236
gb_classifier,test,2017-08-31,-0.007875859032676395
gb_classifier,test,2017-09-29,0.1911639382693761
gb_classifier,test,2017-10-31,0.04009743719855216
gb_classifier,test,2017-11-30,-0.0159592280208269
gb_classifier,test,2017-12-29,0.09058566204384205
gb_classifier,test,2018-01-31,0.003906555867494813
gb_classifier,test,2018-02-28,0.0799172232317794
gb_classifier,test,2018-03-29,0.006626038391798344
gb_classifier,test,2018-04-30,-0.021399637249201027
gb_classifier,test,2018-05-31,0.03201439694141591
gb_classifier,test,2018-06-29,0.13757423654976886
gb_classifier,test,2018-07-31,0.009337483373858351
gb_classifier,test,2018-08-31,0.06066787252016172
gb_classifier,test,2018-09-28,0.131749572099396
gb_classifier,test,2018-10-31,0.1295937137098693
gb_classifier,test,2018-11-30,0.2653923546747668
gb_classifier,test,2018-12-31,-0.14250756174510854
gb_classifier,test,2019-01-31,0.015025444345395681
gb_classifier,test,2019-02-28,0.10738123603651348
gb_classifier,test,2019-03-29,0.13890014110861532
gb_classifier,test,2019-04-30,0.2518807607891514
gb_classifier,test,2019-05-31,0.08627106126162713
gb_classifier,test,2019-06-28,0.14985572698078337
gb_classifier,test,2019-07-31,-0.011848001777855506
gb_classifier,test,2019-08-30,0.0336930250599469
gb_classifier,test,2019-09-30,0.07278973561308127
gb_classifier,test,2019-10-31,-0.019919967801816867
gb_classifier,test,2019-11-29,0.005321703755460984
gb_classifier,test,2019-12-31,0.06834880131199247
gb_classifier,test,2020-01-31,0.15295722458428065
gb_classifier,test,2020-02-28,0.21118743121435812
gb_classifier,test,2020-03-31,-0.0478294924468318
gb_classifier,test,2020-04-30,-0.04375436559440914
gb_classifier,test,2020-05-29,-0.12804145112396426
gb_classifier,test,2020-06-30,0.05377220768902954
gb_classifier,test,2020-07-31,0.014224653783924712
gb_classifier,test,2020-08-31,0.08619027896849994
gb_classifier,test,2020-09-30,-0.005762844034677607
gb_classifier,test,2020-10-30,-0.2465508787202068
gb_classifier,test,2020-11-30,-0.050770659193262804
gb_classifier,test,2020-12-31,-0.19258132502716183
gb_classifier,test,2021-01-29,-0.01861748765653145
gb_classifier,test,2021-02-26,0.23133881411144447
gb_classifier,test,2021-03-31,0.255001038934134
gb_classifier,test,2021-04-30,0.24320833813459733
gb_classifier,test,2021-05-28,-0.08628928158872379
gb_classifier,test,2021-06-30,0.27309770642858294
gb_classifier,test,2021-07-30,0.0835556771212376
gb_classifier,test,2021-08-31,0.12231025733627893
gb_classifier,test,2021-09-30,0.20323397513367153
gb_classifier,test,2021-10-29,0.24003274774651778
gb_classifier,test,2021-11-30,0.3531088308667907
gb_classifier,test,2021-12-31,0.23415839935009045
gb_classifier,test,2022-01-31,0.05780775883057248
gb_classifier,test,2022-02-28,0.022457386255252083
gb_classifier,test,2022-03-31,0.30786726438773937
gb_classifier,test,2022-04-29,0.2262077558427568
gb_classifier,test,2022-05-31,0.0799322643668601
gb_classifier,test,2022-06-30,0.046649132702311115
gb_classifier,test,2022-07-29,-0.10963019896827048
gb_classifier,test,2022-08-31,0.2435150416940786
gb_classifier,test,2022-09-30,0.25710925895881837
gb_classifier,test,2022-10-31,0.1341462578041981
gb_classifier,test,2022-11-30,0.26367048441753477
gb_classifier,test,2022-12-30,-0.33239974325447735
gb_classifier,test,2023-01-31,0.16346230603773407
gb_classifier,test,2023-02-28,0.18860193002233155
gb_classifier,test,2023-03-31,0.067142256404103
gb_classifier,test,2023-04-28,-0.03804807699995105
gb_classifier,test,2023-05-31,0.08424045959292499
gb_classifier,test,2023-06-30,0.0871969097174087
gb_classifier,test,2023-07-31,0.1831419600564329
gb_classifier,test,2023-08-31,0.15829931863362912
gb_classifier,test,2023-09-29,0.14217965474515934
gb_classifier,test,2023-10-31,0.08812305625631726
gb_classifier,test,2023-11-30,0.012149089806657307
gb_classifier,test,2023-12-29,0.11664641568910343
gb_classifier,test,2024-01-31,0.10168427169404476
gb_classifier,test,2024-02-29,0.19989178620898623
gb_classifier,test,2024-03-28,0.07238694166546941
gb_classifier,test,2024-04-30,0.14689434754032077
gb_classifier,test,2024-05-31,0.18057953341646438
gb_classifier,test,2024-06-28,0.08560145177592135
gb_classifier,test,2024-07-31,0.2249284941760332
gb_classifier,test,2024-08-30,0.0972998173142158
gb_classifier,test,2024-09-30,0.04757194513881868
gb_classifier,test,2024-10-31,0.2023453507013843
gb_classifier,test,2024-11-29,-0.10321384330583333
