metric_family,model,split,rows,mse,mae,pearson_corr,spearman_corr,directional_accuracy,monthly_rank_ic_mean,monthly_rank_ic_std,monthly_rank_ic_months,monthly_rank_ic_tstat,accuracy,balanced_accuracy,macro_f1,precision_bottom,precision_top,recall_bottom,recall_top
regression_or_ranking,gradient_boosting_reg,train,1835076,0.030858367681503296,0.10282179713249207,0.418471793848007,0.3506178263586181,0.6113250895330765,0.17194186094437242,0.1188639371800784,252,22.963166868581702,,,,,,,
regression_or_ranking,gradient_boosting_reg,validation,405931,0.017643248662352562,0.07856068760156631,0.04321389464731827,0.008942256188753946,0.5075690203507492,0.02064863979226509,0.10971760662636146,60,1.4577758391981535,,,,,,,
regression_or_ranking,gradient_boosting_reg,test,871340,0.03711381554603577,0.09405965358018875,-0.01372473864984708,-0.033742065011861076,0.5210767323891936,0.002511119346367589,0.1028927756861087,107,0.25244940980501446,,,,,,,
regression_or_ranking,gb_classifier,train,1835076,0.039429684005118246,0.11799285476464731,0.1381889364013878,0.14536143290130615,0.5406375539759661,0.18635967979032778,0.11963572177470337,252,24.728134364251066,,,,,,,
regression_or_ranking,gb_classifier,validation,405931,0.01929437392690396,0.08289839142944688,0.03965750100885144,0.07540562114991246,0.5426981432805082,0.08024532770419543,0.09985427392596145,60,6.224847582182509,,,,,,,
regression_or_ranking,gb_classifier,test,871340,0.0385164298025809,0.09598131898748664,0.012273245380642995,0.0545360286601663,0.5458156402781922,0.0784358339828902,0.12014749694008742,107,6.752921169356151,,,,,,,
classification,gb_classifier,train,1835076,,,,,,0.18635967979032778,0.11963572177470337,252,24.728134364251066,0.6141658438124633,0.39384863648173085,0.36232273829622647,0.4309300031437337,0.543585224351913,0.2165648817533518,0.02016476152077499
classification,gb_classifier,validation,405931,,,,,,0.08024532770419543,0.09985427392596145,60,6.224847582182509,0.6139491687010846,0.3737717074461617,0.3280642556408879,0.46102889904702876,0.35365853658536583,0.14653696977159392,0.00035716045125375634
classification,gb_classifier,test,871340,,,,,,0.0784358339828902,0.12014749694008742,107,6.752921169356151,0.6228395345100649,0.3904126882386427,0.3516933571693099,0.4945294457274827,0.31796407185628744,0.19654986461058332,0.0030466289137132726
