model,split,mean_rank_ic,rank_ic_tstat,hit_rate,mean_top_bottom_spread,spread_tstat,num_months
temporal_tabular_tiny_random_classifier,test,0.10282189990222242,8.25360267330376,0.822429906542056,0.009410797618329525,1.4130318756381888,107
temporal_tabular_transformer_seed362559_classifier,test,0.1017404131619254,8.65233809773201,0.8037383177570093,0.012890509329736233,2.2448826151039043,107
temporal_tabular_small_ft_warmstart_classifier,test,0.09857674030046588,9.23680261164606,0.8504672897196262,0.00857662782073021,1.4243524322597223,107
temporal_tabular_tiny_random_classifier,validation,0.0975490340550868,7.534536896654379,0.8833333333333333,0.013242801651358604,2.4598709616279253,60
temporal_tabular_small_mlp_warmstart_classifier,test,0.09748762543047791,8.843133293256532,0.822429906542056,0.010661499574780464,1.8269211905166833,107
mlp_classifier,test,0.09571374348361597,7.734405707773625,0.7850467289719626,0.01038028858602047,1.8059459299512257,107
temporal_tabular_small_mlp_branch_classifier,test,0.09477429623674782,7.89290190378387,0.794392523364486,0.01037427969276905,1.6577634744100518,107
ft_small_seed362559_classifier,validation,0.09359803096183472,5.972553325407591,0.7833333333333333,0.011131180450320244,2.1060034298291517,60
ft_transformer_classifier,validation,0.09359803096183472,5.972553325407591,0.7833333333333333,0.011131180450320244,2.1060034298291517,60
ft_small_seed362559_classifier,test,0.09330136152204012,6.190525647764555,0.7383177570093458,0.007427685894072056,1.1200090847856665,107
ft_transformer_classifier,test,0.09330136152204012,6.190525647764555,0.7383177570093458,0.007427685894072056,1.1200090847856665,107
temporal_tabular_small_random_classifier,validation,0.09313225421719075,6.503703461364486,0.8166666666666667,0.012770269066095352,2.341523670449131,60
ft_small_lr5e5_seed362559_classifier,validation,0.09247073140755173,6.147012643121891,0.7833333333333333,0.011081578209996223,2.163679641070936,60
ft_reg_seed362559_classifier,test,0.09140427688103177,7.635543756848844,0.7757009345794392,0.008003227412700653,1.276974391780308,107
temporal_tabular_small_mlp_branch_classifier,validation,0.09121205589438075,7.280739740400089,0.8666666666666667,0.012415677309036255,2.5733421345066794,60
ft_small_lr5e5_seed362559_classifier,test,0.09106700325963576,6.196007869255177,0.7476635514018691,0.007416761480271816,1.1378165748657494,107
ft_lr5e5_seed362559_classifier,test,0.09099013362256005,6.204400922704741,0.7476635514018691,0.008033898659050465,1.2503616977488452,107
temporal_tabular_small_random_classifier,test,0.08967175349916962,7.052654125961673,0.8037383177570093,0.009322786703705788,1.4170194605673856,107
temporal_tabular_transformer_seed362559_classifier,validation,0.08851913450899557,6.876927323254077,0.8833333333333333,0.01199485082179308,2.6345359244861744,60
temporal_tabular_small_ft_warmstart_classifier,validation,0.08803671456710352,8.385272523816733,0.8666666666666667,0.01169656403362751,2.5571188433725975,60
ft_lr2e5_seed362559_classifier,test,0.08785770431521342,8.019421309328585,0.7663551401869159,0.01020312774926424,1.821412022469119,107
ft_base_seed362559_classifier,test,0.08735665409468557,7.519397431110715,0.7663551401869159,0.00930933840572834,1.5721376894592465,107
ft_small_seed362559_er_train,validation,0.08668531235765002,6.4960290181812645,0.8666666666666667,0.012151466682553291,2.7479182372899578,60
ft_transformer_er_train,validation,0.08668531235765002,6.4960290181812645,0.8666666666666667,0.012151466682553291,2.7479182372899578,60
ft_small_seed362559_er_train,test,0.08559945325404474,7.573447439113496,0.7850467289719626,0.011705419048666954,2.0762880551707523,107
ft_transformer_er_train,test,0.08559945325404474,7.573447439113496,0.7850467289719626,0.011705419048666954,2.0762880551707523,107
temporal_tabular_tiny_random_er_train,test,0.08390070985271557,8.430126016473103,0.7850467289719626,0.010127277113497257,1.8602235571292973,107
ft_reg_seed362559_classifier,validation,0.08048013827769103,6.070619471756077,0.8166666666666667,0.008747640065848827,1.7331662722961343,60
ft_small_lr5e5_seed362559_er_train,test,0.08039236972934671,7.461718691586646,0.7757009345794392,0.011599892750382423,2.138041281691591,107
ft_small_lr5e5_seed362559_er_train,validation,0.08031848824564423,6.0252913457965365,0.85,0.01224596705287695,2.858267589934086,60
xgb_classifier,test,0.07948290614055661,6.39794959104103,0.7570093457943925,0.011215709149837494,1.9981508148654952,107
temporal_tabular_tiny_random_er_train,validation,0.07900757765817536,7.352566299703722,0.8666666666666667,0.011360115371644497,3.077774185931047,60
ft_base_seed362559_classifier,validation,0.07832816646319977,6.461230995502382,0.85,0.009355857037007809,1.9628920487222155,60
temporal_tabular_small_mlp_warmstart_classifier,validation,0.07724977971157254,6.669269676258719,0.8333333333333334,0.011668943800032139,2.8136115556515384,60
ft_lr5e5_seed362559_classifier,validation,0.07667295242568964,5.371127993686465,0.7833333333333333,0.008006323128938675,1.5978383251942416,60
xgb_classifier,validation,0.07477702744750117,5.975759394213301,0.8333333333333334,0.010321352630853653,2.420473009953125,60
temporal_tabular_small_mlp_warmstart_er_train,test,0.07428840486011465,6.90504315492001,0.7757009345794392,0.013631901703774929,3.071596168805366,107
mlp_er_train,test,0.07382412623735082,7.092180982978822,0.7850467289719626,0.012284881435334682,2.6758872003020757,107
mlp_classifier,validation,0.07356422897767814,6.343087478421236,0.85,0.009067797102034092,2.1625455531932243,60
ft_lr2e5_seed362559_classifier,validation,0.07288105153246559,6.278549012563382,0.85,0.009118092246353626,1.994389084139456,60
temporal_tabular_small_ft_warmstart_er_train,test,0.07210055704262386,7.367018743214943,0.7383177570093458,0.011413763277232647,2.8081946087343477,107
ft_lr5e5_seed362559_er_train,test,0.06930190577662426,8.58674372592682,0.8317757009345794,0.012146581895649433,2.7917606697152437,107
temporal_tabular_small_mlp_branch_er_train,test,0.06622848481473693,6.872709910696156,0.7663551401869159,0.012387423776090145,3.0151862088249177,107
ft_reg_seed362559_er_train,test,0.06107285920710495,7.475307218698201,0.7476635514018691,0.011616203002631664,3.028738993840319,107
ft_lr2e5_seed362559_er_train,test,0.06086738683095293,6.995837228290679,0.7663551401869159,0.014669922180473804,3.6620461968997864,107
temporal_tabular_transformer_seed362559_er_train,test,0.058754592100087315,5.481687349210512,0.7289719626168224,0.01599736511707306,4.295832897511394,107
temporal_tabular_small_random_er_train,validation,0.058305597735209644,5.172353054817327,0.7333333333333333,0.009437334723770618,3.0453220227410958,60
ft_base_seed362559_er_train,test,0.05742628717499331,6.768813225497628,0.7476635514018691,0.014713986776769161,3.798646316508984,107
ft_lr5e5_seed362559_er_train,validation,0.05383633519544838,4.6614872957851,0.75,0.006794045679271221,1.772793502901191,60
temporal_tabular_transformer_seed362559_er_train,validation,0.053489244923700406,3.30793459002593,0.7166666666666667,0.010086741298437119,2.340950128495867,60
ft_reg_seed362559_er_train,validation,0.05335157836008785,4.513244477005754,0.7666666666666667,0.006763063371181488,1.9867672438868509,60
temporal_tabular_small_ft_warmstart_er_train,validation,0.05069009242350046,4.164906412674895,0.7,0.009191920049488544,3.004092717714025,60
temporal_tabular_small_mlp_branch_er_train,validation,0.05056680315265607,3.635593008484597,0.7333333333333333,0.008949282579123974,2.6017547250261646,60
temporal_tabular_small_random_er_train,test,0.04801732133115672,5.90781181457214,0.6542056074766355,0.00861367303878069,2.5911413944496458,107
ft_lr2e5_seed362559_er_train,validation,0.04712430205880832,3.848988411771182,0.6833333333333333,0.007183989509940147,1.9246930024622009,60
temporal_tabular_small_mlp_warmstart_er_train,validation,0.04105012226735031,2.531479926636879,0.7,0.008083551190793514,1.8739641438464443,60
mlp_er_train,validation,0.039677749398340886,2.465300098315893,0.6833333333333333,0.007801172323524952,1.7326760067845275,60
ft_base_seed362559_er_train,validation,0.03778416078324016,2.877630824392779,0.6833333333333333,0.006680697202682495,1.8510681859447766,60
xgb_er_train,validation,0.019551227855006775,1.5098063776525514,0.65,0.006614715792238712,1.7021324414078631,60
xgb_er_train,test,0.00850493159824758,0.814630653180505,0.5514018691588785,0.007390033919364214,1.786269120360194,107
