model,split,score_name,month,rank_ic
ft_transformer,train,prediction_ft_er_train_score,1989-12-29,-0.04659698968018506
ft_transformer,train,prediction_ft_er_train_score,1990-01-31,0.10434329474683195
ft_transformer,train,prediction_ft_er_train_score,1990-02-28,0.09828313516700166
ft_transformer,train,prediction_ft_er_train_score,1990-03-30,0.0927324328258305
ft_transformer,train,prediction_ft_er_train_score,1990-04-30,0.21665475513677174
ft_transformer,train,prediction_ft_er_train_score,1990-05-31,0.11006511265554102
ft_transformer,train,prediction_ft_er_train_score,1990-06-29,0.10677906020024618
ft_transformer,train,prediction_ft_er_train_score,1990-07-31,0.030284503981339115
ft_transformer,train,prediction_ft_er_train_score,1990-08-31,0.07534405734156321
ft_transformer,train,prediction_ft_er_train_score,1990-09-28,0.1514462672207993
ft_transformer,train,prediction_ft_er_train_score,1990-10-31,0.06446411851253679
ft_transformer,train,prediction_ft_er_train_score,1990-11-30,0.21489195193077854
ft_transformer,train,prediction_ft_er_train_score,1990-12-31,-0.017291384417788734
ft_transformer,train,prediction_ft_er_train_score,1991-01-31,-0.06542063694829323
ft_transformer,train,prediction_ft_er_train_score,1991-02-28,0.024297847460358173
ft_transformer,train,prediction_ft_er_train_score,1991-03-28,0.022650828672780735
ft_transformer,train,prediction_ft_er_train_score,1991-04-30,0.17490565760690757
ft_transformer,train,prediction_ft_er_train_score,1991-05-31,-0.0016903087373122906
ft_transformer,train,prediction_ft_er_train_score,1991-06-28,0.17686316730657115
ft_transformer,train,prediction_ft_er_train_score,1991-07-31,0.13089299745386818
ft_transformer,train,prediction_ft_er_train_score,1991-08-30,0.07417557238182912
ft_transformer,train,prediction_ft_er_train_score,1991-09-30,0.10909736653863847
ft_transformer,train,prediction_ft_er_train_score,1991-10-31,0.01450927909730574
ft_transformer,train,prediction_ft_er_train_score,1991-11-29,0.32198724422914515
ft_transformer,train,prediction_ft_er_train_score,1991-12-31,-0.21009104757188862
ft_transformer,train,prediction_ft_er_train_score,1992-01-31,-0.016492462951923442
ft_transformer,train,prediction_ft_er_train_score,1992-02-28,0.07613922046753614
ft_transformer,train,prediction_ft_er_train_score,1992-03-31,0.15572171844526597
ft_transformer,train,prediction_ft_er_train_score,1992-04-30,0.08206980170296056
ft_transformer,train,prediction_ft_er_train_score,1992-05-29,0.1947540258815985
ft_transformer,train,prediction_ft_er_train_score,1992-06-30,0.1458142359493686
ft_transformer,train,prediction_ft_er_train_score,1992-07-31,0.10070470730642565
ft_transformer,train,prediction_ft_er_train_score,1992-08-31,0.13572865671298676
ft_transformer,train,prediction_ft_er_train_score,1992-09-30,0.11407555635588865
ft_transformer,train,prediction_ft_er_train_score,1992-10-30,-0.002000006285804752
ft_transformer,train,prediction_ft_er_train_score,1992-11-30,0.1098672937157014
ft_transformer,train,prediction_ft_er_train_score,1992-12-31,-0.030290235694896465
ft_transformer,train,prediction_ft_er_train_score,1993-01-29,0.07611034351932514
ft_transformer,train,prediction_ft_er_train_score,1993-02-26,0.12010821050766407
ft_transformer,train,prediction_ft_er_train_score,1993-03-31,0.04966270074421011
ft_transformer,train,prediction_ft_er_train_score,1993-04-30,-0.016149338482330772
ft_transformer,train,prediction_ft_er_train_score,1993-05-28,0.12099395566909059
ft_transformer,train,prediction_ft_er_train_score,1993-06-30,0.13682504557511654
ft_transformer,train,prediction_ft_er_train_score,1993-07-30,0.1209911230637935
ft_transformer,train,prediction_ft_er_train_score,1993-08-31,0.09018456445989624
ft_transformer,train,prediction_ft_er_train_score,1993-09-30,-0.03841902636020475
ft_transformer,train,prediction_ft_er_train_score,1993-10-29,0.019604974432719576
ft_transformer,train,prediction_ft_er_train_score,1993-11-30,0.18434740132231753
ft_transformer,train,prediction_ft_er_train_score,1993-12-31,-0.023502498267154656
ft_transformer,train,prediction_ft_er_train_score,1994-01-31,0.07959124434427034
ft_transformer,train,prediction_ft_er_train_score,1994-02-28,0.0026418497606859105
ft_transformer,train,prediction_ft_er_train_score,1994-03-31,0.1867310460995844
ft_transformer,train,prediction_ft_er_train_score,1994-04-29,0.07561119801378119
ft_transformer,train,prediction_ft_er_train_score,1994-05-31,0.1430126519904779
ft_transformer,train,prediction_ft_er_train_score,1994-06-30,0.10328088843584986
ft_transformer,train,prediction_ft_er_train_score,1994-07-29,0.050421667108116144
ft_transformer,train,prediction_ft_er_train_score,1994-08-31,0.028218773118793998
ft_transformer,train,prediction_ft_er_train_score,1994-09-30,0.12368739417506085
ft_transformer,train,prediction_ft_er_train_score,1994-10-31,0.08080461477575888
ft_transformer,train,prediction_ft_er_train_score,1994-11-30,0.22238059339714067
ft_transformer,train,prediction_ft_er_train_score,1994-12-30,-0.06460800080246695
ft_transformer,train,prediction_ft_er_train_score,1995-01-31,0.10830542645175227
ft_transformer,train,prediction_ft_er_train_score,1995-02-28,0.09455536342517877
ft_transformer,train,prediction_ft_er_train_score,1995-03-31,0.06626394244510193
ft_transformer,train,prediction_ft_er_train_score,1995-04-28,0.08926368668567264
ft_transformer,train,prediction_ft_er_train_score,1995-05-31,0.06566631136587399
ft_transformer,train,prediction_ft_er_train_score,1995-06-30,0.09268089043430729
ft_transformer,train,prediction_ft_er_train_score,1995-07-31,0.05755562604946571
ft_transformer,train,prediction_ft_er_train_score,1995-08-31,0.07300618586122265
ft_transformer,train,prediction_ft_er_train_score,1995-09-29,0.18654532697340453
ft_transformer,train,prediction_ft_er_train_score,1995-10-31,0.18623490341932655
ft_transformer,train,prediction_ft_er_train_score,1995-11-30,0.15410853713024644
ft_transformer,train,prediction_ft_er_train_score,1995-12-29,-0.08228088899738162
ft_transformer,train,prediction_ft_er_train_score,1996-01-31,0.040242305565515765
ft_transformer,train,prediction_ft_er_train_score,1996-02-29,0.07919253486275558
ft_transformer,train,prediction_ft_er_train_score,1996-03-29,-0.01191898212210576
ft_transformer,train,prediction_ft_er_train_score,1996-04-30,-0.04765115346262214
ft_transformer,train,prediction_ft_er_train_score,1996-05-31,0.15460785848206354
ft_transformer,train,prediction_ft_er_train_score,1996-06-28,0.18989992976870715
ft_transformer,train,prediction_ft_er_train_score,1996-07-31,0.07459644012422496
ft_transformer,train,prediction_ft_er_train_score,1996-08-30,0.1275797062056797
ft_transformer,train,prediction_ft_er_train_score,1996-09-30,0.2824857588827908
ft_transformer,train,prediction_ft_er_train_score,1996-10-31,0.20219580425595646
ft_transformer,train,prediction_ft_er_train_score,1996-11-29,0.2187374106377913
ft_transformer,train,prediction_ft_er_train_score,1996-12-31,-0.10903615501753956
ft_transformer,train,prediction_ft_er_train_score,1997-01-31,0.13333877731198512
ft_transformer,train,prediction_ft_er_train_score,1997-02-28,0.19605588594169526
ft_transformer,train,prediction_ft_er_train_score,1997-03-31,0.2392936797090816
ft_transformer,train,prediction_ft_er_train_score,1997-04-30,-0.008062257195479774
ft_transformer,train,prediction_ft_er_train_score,1997-05-30,0.16677529031679528
ft_transformer,train,prediction_ft_er_train_score,1997-06-30,0.188859443259637
ft_transformer,train,prediction_ft_er_train_score,1997-07-31,-0.003107812956343754
ft_transformer,train,prediction_ft_er_train_score,1997-08-29,0.06380406481337995
ft_transformer,train,prediction_ft_er_train_score,1997-09-30,0.08469924970589567
ft_transformer,train,prediction_ft_er_train_score,1997-10-31,0.2514855867081811
ft_transformer,train,prediction_ft_er_train_score,1997-11-28,0.3676937694717048
ft_transformer,train,prediction_ft_er_train_score,1997-12-31,-0.11615525105877532
ft_transformer,train,prediction_ft_er_train_score,1998-01-30,0.09561853088369757
ft_transformer,train,prediction_ft_er_train_score,1998-02-27,0.09175119565710717
ft_transformer,train,prediction_ft_er_train_score,1998-03-31,0.04838393599928184
ft_transformer,train,prediction_ft_er_train_score,1998-04-30,0.15493909861122185
ft_transformer,train,prediction_ft_er_train_score,1998-05-29,0.2600654079365628
ft_transformer,train,prediction_ft_er_train_score,1998-06-30,0.13830281025407254
ft_transformer,train,prediction_ft_er_train_score,1998-07-31,0.24216906073166236
ft_transformer,train,prediction_ft_er_train_score,1998-08-31,0.042317253838076094
ft_transformer,train,prediction_ft_er_train_score,1998-09-30,0.04043145947121643
ft_transformer,train,prediction_ft_er_train_score,1998-10-30,-0.005604006011387855
ft_transformer,train,prediction_ft_er_train_score,1998-11-30,0.2059369515226565
ft_transformer,train,prediction_ft_er_train_score,1998-12-31,-0.18683829886174694
ft_transformer,train,prediction_ft_er_train_score,1999-01-29,0.07073460848879365
ft_transformer,train,prediction_ft_er_train_score,1999-02-26,0.05228227078977035
ft_transformer,train,prediction_ft_er_train_score,1999-03-31,0.033603143030443296
ft_transformer,train,prediction_ft_er_train_score,1999-04-30,-0.0317683361143485
ft_transformer,train,prediction_ft_er_train_score,1999-05-28,0.1438112588979059
ft_transformer,train,prediction_ft_er_train_score,1999-06-30,0.010619388521454316
ft_transformer,train,prediction_ft_er_train_score,1999-07-30,0.09444755248140994
ft_transformer,train,prediction_ft_er_train_score,1999-08-31,0.03635480432886716
ft_transformer,train,prediction_ft_er_train_score,1999-09-30,0.11433971597829753
ft_transformer,train,prediction_ft_er_train_score,1999-10-29,-0.10653383478781457
ft_transformer,train,prediction_ft_er_train_score,1999-11-30,0.023469068103876164
ft_transformer,train,prediction_ft_er_train_score,1999-12-31,-0.2093356749025431
ft_transformer,train,prediction_ft_er_train_score,2000-01-31,-0.022237445606615842
ft_transformer,train,prediction_ft_er_train_score,2000-02-29,0.17948404533999004
ft_transformer,train,prediction_ft_er_train_score,2000-03-31,0.18837103413436884
ft_transformer,train,prediction_ft_er_train_score,2000-04-28,0.18367078779226484
ft_transformer,train,prediction_ft_er_train_score,2000-05-31,-0.11937911744400317
ft_transformer,train,prediction_ft_er_train_score,2000-06-30,0.21644453485476695
ft_transformer,train,prediction_ft_er_train_score,2000-07-31,0.10859608737108319
ft_transformer,train,prediction_ft_er_train_score,2000-08-31,0.2579145378308322
ft_transformer,train,prediction_ft_er_train_score,2000-09-29,0.3223099441972379
ft_transformer,train,prediction_ft_er_train_score,2000-10-31,0.4085072687036127
ft_transformer,train,prediction_ft_er_train_score,2000-11-30,0.37299662694554064
ft_transformer,train,prediction_ft_er_train_score,2000-12-29,-0.438363762183213
ft_transformer,train,prediction_ft_er_train_score,2001-01-31,0.4545681323539435
ft_transformer,train,prediction_ft_er_train_score,2001-02-28,0.3343425193715522
ft_transformer,train,prediction_ft_er_train_score,2001-03-30,-0.029771874844164808
ft_transformer,train,prediction_ft_er_train_score,2001-04-30,0.03877366841053297
ft_transformer,train,prediction_ft_er_train_score,2001-05-31,0.12914210239067558
ft_transformer,train,prediction_ft_er_train_score,2001-06-29,0.2588662179708753
ft_transformer,train,prediction_ft_er_train_score,2001-07-31,0.22572113229825594
ft_transformer,train,prediction_ft_er_train_score,2001-08-31,0.3122640760882844
ft_transformer,train,prediction_ft_er_train_score,2001-09-28,-0.09951405531643819
ft_transformer,train,prediction_ft_er_train_score,2001-10-31,-0.12052662382075564
ft_transformer,train,prediction_ft_er_train_score,2001-11-30,0.0056385130462504335
ft_transformer,train,prediction_ft_er_train_score,2001-12-31,0.11745497544038866
ft_transformer,train,prediction_ft_er_train_score,2002-01-31,0.34006538501761213
ft_transformer,train,prediction_ft_er_train_score,2002-02-28,0.029420851637741045
ft_transformer,train,prediction_ft_er_train_score,2002-03-28,0.3318883123376662
ft_transformer,train,prediction_ft_er_train_score,2002-04-30,0.162294409295594
ft_transformer,train,prediction_ft_er_train_score,2002-05-31,0.2614343071280373
ft_transformer,train,prediction_ft_er_train_score,2002-06-28,0.09222007301081414
ft_transformer,train,prediction_ft_er_train_score,2002-07-31,0.09809629159687265
ft_transformer,train,prediction_ft_er_train_score,2002-08-30,0.31107945997695263
ft_transformer,train,prediction_ft_er_train_score,2002-09-30,-0.04383704376203863
ft_transformer,train,prediction_ft_er_train_score,2002-10-31,-0.28979416088155235
ft_transformer,train,prediction_ft_er_train_score,2002-11-29,0.30994573835988687
ft_transformer,train,prediction_ft_er_train_score,2002-12-31,-0.017945860437527984
ft_transformer,train,prediction_ft_er_train_score,2003-01-31,0.11723300056198278
ft_transformer,train,prediction_ft_er_train_score,2003-02-28,0.08736709326458506
ft_transformer,train,prediction_ft_er_train_score,2003-03-31,-0.12705710954320626
ft_transformer,train,prediction_ft_er_train_score,2003-04-30,-0.2487723772748444
ft_transformer,train,prediction_ft_er_train_score,2003-05-30,-0.04947138267736737
ft_transformer,train,prediction_ft_er_train_score,2003-06-30,-0.033519371298030586
ft_transformer,train,prediction_ft_er_train_score,2003-07-31,0.019887390596431406
ft_transformer,train,prediction_ft_er_train_score,2003-08-29,-0.12902598090490242
ft_transformer,train,prediction_ft_er_train_score,2003-09-30,0.11552524476376631
ft_transformer,train,prediction_ft_er_train_score,2003-10-31,0.07279801161228686
ft_transformer,train,prediction_ft_er_train_score,2003-11-28,0.04931975743494106
ft_transformer,train,prediction_ft_er_train_score,2003-12-31,-0.19929186752664962
ft_transformer,train,prediction_ft_er_train_score,2004-01-30,0.16789517971478596
ft_transformer,train,prediction_ft_er_train_score,2004-02-27,0.09794029676621052
ft_transformer,train,prediction_ft_er_train_score,2004-03-31,0.12000168278350597
ft_transformer,train,prediction_ft_er_train_score,2004-04-30,0.12637511267604726
ft_transformer,train,prediction_ft_er_train_score,2004-05-28,0.21847622414057283
ft_transformer,train,prediction_ft_er_train_score,2004-06-30,0.1929675677685594
ft_transformer,train,prediction_ft_er_train_score,2004-07-30,-0.006722310496970258
ft_transformer,train,prediction_ft_er_train_score,2004-08-31,0.11064205553728007
ft_transformer,train,prediction_ft_er_train_score,2004-09-30,0.05049571498055366
ft_transformer,train,prediction_ft_er_train_score,2004-10-29,0.05993192726033897
ft_transformer,train,prediction_ft_er_train_score,2004-11-30,-0.11195982082618906
ft_transformer,train,prediction_ft_er_train_score,2004-12-31,0.15126641781581385
ft_transformer,train,prediction_ft_er_train_score,2005-01-31,0.19255563418357344
ft_transformer,train,prediction_ft_er_train_score,2005-02-28,0.17227952121738815
ft_transformer,train,prediction_ft_er_train_score,2005-03-31,0.0782297118785608
ft_transformer,train,prediction_ft_er_train_score,2005-04-29,0.059457276251116166
ft_transformer,train,prediction_ft_er_train_score,2005-05-31,0.04614228353520752
ft_transformer,train,prediction_ft_er_train_score,2005-06-30,0.03254773419618805
ft_transformer,train,prediction_ft_er_train_score,2005-07-29,0.06152777127975012
ft_transformer,train,prediction_ft_er_train_score,2005-08-31,0.09878539370435573
ft_transformer,train,prediction_ft_er_train_score,2005-09-30,0.12253712321797038
ft_transformer,train,prediction_ft_er_train_score,2005-10-31,0.11204212640260053
ft_transformer,train,prediction_ft_er_train_score,2005-11-30,0.016374840613790853
ft_transformer,train,prediction_ft_er_train_score,2005-12-30,-0.023801702017738215
ft_transformer,train,prediction_ft_er_train_score,2006-01-31,-0.015369900092358496
ft_transformer,train,prediction_ft_er_train_score,2006-02-28,0.09999970437981479
ft_transformer,train,prediction_ft_er_train_score,2006-03-31,0.13275961941872302
ft_transformer,train,prediction_ft_er_train_score,2006-04-28,0.05911545928281092
ft_transformer,train,prediction_ft_er_train_score,2006-05-31,0.12562984838817265
ft_transformer,train,prediction_ft_er_train_score,2006-06-30,0.1309630016731007
ft_transformer,train,prediction_ft_er_train_score,2006-07-31,-0.027416112124299553
ft_transformer,train,prediction_ft_er_train_score,2006-08-31,0.06514759536996259
ft_transformer,train,prediction_ft_er_train_score,2006-09-29,0.021384423331824394
ft_transformer,train,prediction_ft_er_train_score,2006-10-31,0.04062269644866316
ft_transformer,train,prediction_ft_er_train_score,2006-11-30,0.07656311957172393
ft_transformer,train,prediction_ft_er_train_score,2006-12-29,0.03516434671875277
ft_transformer,train,prediction_ft_er_train_score,2007-01-31,-0.021397344617783705
ft_transformer,train,prediction_ft_er_train_score,2007-02-28,0.12818277255376886
ft_transformer,train,prediction_ft_er_train_score,2007-03-30,0.08109989257752177
ft_transformer,train,prediction_ft_er_train_score,2007-04-30,0.2024091659657736
ft_transformer,train,prediction_ft_er_train_score,2007-05-31,0.0947140662720383
ft_transformer,train,prediction_ft_er_train_score,2007-06-29,0.046108365654259804
ft_transformer,train,prediction_ft_er_train_score,2007-07-31,0.14296360347115145
ft_transformer,train,prediction_ft_er_train_score,2007-08-31,0.1061777860920054
ft_transformer,train,prediction_ft_er_train_score,2007-09-28,0.17255478422783696
ft_transformer,train,prediction_ft_er_train_score,2007-10-31,0.18685334069648485
ft_transformer,train,prediction_ft_er_train_score,2007-11-30,0.14255926392798735
ft_transformer,train,prediction_ft_er_train_score,2007-12-31,-0.06798484948479286
ft_transformer,train,prediction_ft_er_train_score,2008-01-31,0.15186011122624435
ft_transformer,train,prediction_ft_er_train_score,2008-02-29,0.1778574179851539
ft_transformer,train,prediction_ft_er_train_score,2008-03-31,0.10429607756071642
ft_transformer,train,prediction_ft_er_train_score,2008-04-30,0.06258582584186619
ft_transformer,train,prediction_ft_er_train_score,2008-05-30,0.13464658117627937
ft_transformer,train,prediction_ft_er_train_score,2008-06-30,0.025878808388522363
ft_transformer,train,prediction_ft_er_train_score,2008-07-31,0.014989230546329512
ft_transformer,train,prediction_ft_er_train_score,2008-08-29,0.16328344103505224
ft_transformer,train,prediction_ft_er_train_score,2008-09-30,0.13103781448060076
ft_transformer,train,prediction_ft_er_train_score,2008-10-31,0.1617931906908196
ft_transformer,train,prediction_ft_er_train_score,2008-11-28,0.054569533754309195
ft_transformer,train,prediction_ft_er_train_score,2008-12-31,-0.09097567417703036
ft_transformer,train,prediction_ft_er_train_score,2009-01-30,0.12542179336531867
ft_transformer,train,prediction_ft_er_train_score,2009-02-27,-0.08388534126047485
ft_transformer,train,prediction_ft_er_train_score,2009-03-31,-0.24579982342990672
ft_transformer,train,prediction_ft_er_train_score,2009-04-30,-0.14308760435908632
ft_transformer,train,prediction_ft_er_train_score,2009-05-29,-0.011756190613765575
ft_transformer,train,prediction_ft_er_train_score,2009-06-30,0.08505959250237961
ft_transformer,train,prediction_ft_er_train_score,2009-07-31,-0.12628165377341793
ft_transformer,train,prediction_ft_er_train_score,2009-08-31,-0.04533836723855967
ft_transformer,train,prediction_ft_er_train_score,2009-09-30,0.10923021640107596
ft_transformer,train,prediction_ft_er_train_score,2009-10-30,0.20193204419199964
ft_transformer,train,prediction_ft_er_train_score,2009-11-30,0.033678047295261464
ft_transformer,train,prediction_ft_er_train_score,2009-12-31,-0.14323003593590633
ft_transformer,train,prediction_ft_er_train_score,2010-01-29,0.15974366492086686
ft_transformer,train,prediction_ft_er_train_score,2010-02-26,0.07679117373957244
ft_transformer,train,prediction_ft_er_train_score,2010-03-31,-0.08726864317867045
ft_transformer,train,prediction_ft_er_train_score,2010-04-30,0.17689492697957135
ft_transformer,train,prediction_ft_er_train_score,2010-05-28,0.07406003456130955
ft_transformer,train,prediction_ft_er_train_score,2010-06-30,0.11354378110168235
ft_transformer,train,prediction_ft_er_train_score,2010-07-30,0.14913531947972045
ft_transformer,train,prediction_ft_er_train_score,2010-08-31,0.01255013868973277
ft_transformer,train,prediction_ft_er_train_score,2010-09-30,0.11409890970976862
ft_transformer,train,prediction_ft_er_train_score,2010-10-29,0.14760425485766157
ft_transformer,train,prediction_ft_er_train_score,2010-11-30,-0.015522453750312129
ft_transformer,train,prediction_ft_classifier_score,1989-12-29,-0.00888505380456422
ft_transformer,train,prediction_ft_classifier_score,1990-01-31,0.07786455186412372
ft_transformer,train,prediction_ft_classifier_score,1990-02-28,0.07317867843307371
ft_transformer,train,prediction_ft_classifier_score,1990-03-30,0.09376667909828734
ft_transformer,train,prediction_ft_classifier_score,1990-04-30,0.1747655919349548
ft_transformer,train,prediction_ft_classifier_score,1990-05-31,0.11211822425311394
ft_transformer,train,prediction_ft_classifier_score,1990-06-29,0.1510969550667426
ft_transformer,train,prediction_ft_classifier_score,1990-07-31,0.13600608445085743
ft_transformer,train,prediction_ft_classifier_score,1990-08-31,0.1402634963918107
ft_transformer,train,prediction_ft_classifier_score,1990-09-28,0.20330821729843335
ft_transformer,train,prediction_ft_classifier_score,1990-10-31,0.0797685853154482
ft_transformer,train,prediction_ft_classifier_score,1990-11-30,0.21711113788322442
ft_transformer,train,prediction_ft_classifier_score,1990-12-31,-0.06394249077795217
ft_transformer,train,prediction_ft_classifier_score,1991-01-31,-0.10123191362580854
ft_transformer,train,prediction_ft_classifier_score,1991-02-28,-0.017841482144034006
ft_transformer,train,prediction_ft_classifier_score,1991-03-28,0.03908798829110616
ft_transformer,train,prediction_ft_classifier_score,1991-04-30,0.158576555410446
ft_transformer,train,prediction_ft_classifier_score,1991-05-31,0.07918994880389757
ft_transformer,train,prediction_ft_classifier_score,1991-06-28,0.1617270340669562
ft_transformer,train,prediction_ft_classifier_score,1991-07-31,0.1417875760138731
ft_transformer,train,prediction_ft_classifier_score,1991-08-30,0.09863782640769979
ft_transformer,train,prediction_ft_classifier_score,1991-09-30,0.10568948919007452
ft_transformer,train,prediction_ft_classifier_score,1991-10-31,0.07344678367114092
ft_transformer,train,prediction_ft_classifier_score,1991-11-29,0.28469944312427414
ft_transformer,train,prediction_ft_classifier_score,1991-12-31,-0.2933938244705451
ft_transformer,train,prediction_ft_classifier_score,1992-01-31,-0.018555587825972494
ft_transformer,train,prediction_ft_classifier_score,1992-02-28,0.13905525382547526
ft_transformer,train,prediction_ft_classifier_score,1992-03-31,0.2589704274724386
ft_transformer,train,prediction_ft_classifier_score,1992-04-30,0.11231221821796006
ft_transformer,train,prediction_ft_classifier_score,1992-05-29,0.23853160287436123
ft_transformer,train,prediction_ft_classifier_score,1992-06-30,0.14713382522312082
ft_transformer,train,prediction_ft_classifier_score,1992-07-31,0.15752457790624827
ft_transformer,train,prediction_ft_classifier_score,1992-08-31,0.12258248782031601
ft_transformer,train,prediction_ft_classifier_score,1992-09-30,0.06262331893289008
ft_transformer,train,prediction_ft_classifier_score,1992-10-30,-0.043349413195048966
ft_transformer,train,prediction_ft_classifier_score,1992-11-30,0.09449107614072884
ft_transformer,train,prediction_ft_classifier_score,1992-12-31,-0.0608861306328874
ft_transformer,train,prediction_ft_classifier_score,1993-01-29,0.1710094967548666
ft_transformer,train,prediction_ft_classifier_score,1993-02-26,0.11641160863689307
ft_transformer,train,prediction_ft_classifier_score,1993-03-31,0.0868030696827553
ft_transformer,train,prediction_ft_classifier_score,1993-04-30,-0.056179613164725944
ft_transformer,train,prediction_ft_classifier_score,1993-05-28,0.11481132973979366
ft_transformer,train,prediction_ft_classifier_score,1993-06-30,0.14458018235263562
ft_transformer,train,prediction_ft_classifier_score,1993-07-30,0.11605778922598498
ft_transformer,train,prediction_ft_classifier_score,1993-08-31,0.05647815075804654
ft_transformer,train,prediction_ft_classifier_score,1993-09-30,-0.05714627405853621
ft_transformer,train,prediction_ft_classifier_score,1993-10-29,0.048937608887143075
ft_transformer,train,prediction_ft_classifier_score,1993-11-30,0.20195094684639797
ft_transformer,train,prediction_ft_classifier_score,1993-12-31,-0.05254519045826938
ft_transformer,train,prediction_ft_classifier_score,1994-01-31,0.0807974409256034
ft_transformer,train,prediction_ft_classifier_score,1994-02-28,0.05986366497126651
ft_transformer,train,prediction_ft_classifier_score,1994-03-31,0.22290417665904091
ft_transformer,train,prediction_ft_classifier_score,1994-04-29,0.10917545523120807
ft_transformer,train,prediction_ft_classifier_score,1994-05-31,0.1930519194213702
ft_transformer,train,prediction_ft_classifier_score,1994-06-30,0.0834432843831001
ft_transformer,train,prediction_ft_classifier_score,1994-07-29,0.033997065195215836
ft_transformer,train,prediction_ft_classifier_score,1994-08-31,-0.014150847457889913
ft_transformer,train,prediction_ft_classifier_score,1994-09-30,0.09798197181600128
ft_transformer,train,prediction_ft_classifier_score,1994-10-31,0.12775037375988954
ft_transformer,train,prediction_ft_classifier_score,1994-11-30,0.24001503912440314
ft_transformer,train,prediction_ft_classifier_score,1994-12-30,-0.018955161156532202
ft_transformer,train,prediction_ft_classifier_score,1995-01-31,0.11398342200325035
ft_transformer,train,prediction_ft_classifier_score,1995-02-28,0.06888206950071502
ft_transformer,train,prediction_ft_classifier_score,1995-03-31,0.05716223262238401
ft_transformer,train,prediction_ft_classifier_score,1995-04-28,0.12058881389132757
ft_transformer,train,prediction_ft_classifier_score,1995-05-31,-0.00497867845745546
ft_transformer,train,prediction_ft_classifier_score,1995-06-30,0.02697180079804855
ft_transformer,train,prediction_ft_classifier_score,1995-07-31,0.0555072995831681
ft_transformer,train,prediction_ft_classifier_score,1995-08-31,0.093411707498275
ft_transformer,train,prediction_ft_classifier_score,1995-09-29,0.2896235532285998
ft_transformer,train,prediction_ft_classifier_score,1995-10-31,0.201214090662228
ft_transformer,train,prediction_ft_classifier_score,1995-11-30,0.17230577713765766
ft_transformer,train,prediction_ft_classifier_score,1995-12-29,-0.0410129459568282
ft_transformer,train,prediction_ft_classifier_score,1996-01-31,0.0017007101460353078
ft_transformer,train,prediction_ft_classifier_score,1996-02-29,0.04338289135540446
ft_transformer,train,prediction_ft_classifier_score,1996-03-29,-0.11463164724934094
ft_transformer,train,prediction_ft_classifier_score,1996-04-30,-0.1031507219393676
ft_transformer,train,prediction_ft_classifier_score,1996-05-31,0.2888514550374053
ft_transformer,train,prediction_ft_classifier_score,1996-06-28,0.3682929372603575
ft_transformer,train,prediction_ft_classifier_score,1996-07-31,0.041975366752097475
ft_transformer,train,prediction_ft_classifier_score,1996-08-30,0.1161649900244653
ft_transformer,train,prediction_ft_classifier_score,1996-09-30,0.346837885524479
ft_transformer,train,prediction_ft_classifier_score,1996-10-31,0.2381346109287248
ft_transformer,train,prediction_ft_classifier_score,1996-11-29,0.22703503237936484
ft_transformer,train,prediction_ft_classifier_score,1996-12-31,-0.12246737873205711
ft_transformer,train,prediction_ft_classifier_score,1997-01-31,0.23492865384413483
ft_transformer,train,prediction_ft_classifier_score,1997-02-28,0.2707640117840247
ft_transformer,train,prediction_ft_classifier_score,1997-03-31,0.2769552461544093
ft_transformer,train,prediction_ft_classifier_score,1997-04-30,-0.07478185177347342
ft_transformer,train,prediction_ft_classifier_score,1997-05-30,0.1607753336437974
ft_transformer,train,prediction_ft_classifier_score,1997-06-30,0.1702199117919054
ft_transformer,train,prediction_ft_classifier_score,1997-07-31,-0.06441779063700023
ft_transformer,train,prediction_ft_classifier_score,1997-08-29,0.029099854437607417
ft_transformer,train,prediction_ft_classifier_score,1997-09-30,0.15328040728104908
ft_transformer,train,prediction_ft_classifier_score,1997-10-31,0.345529925051018
ft_transformer,train,prediction_ft_classifier_score,1997-11-28,0.4554142557165418
ft_transformer,train,prediction_ft_classifier_score,1997-12-31,-0.09351144576089472
ft_transformer,train,prediction_ft_classifier_score,1998-01-30,0.04734843098432654
ft_transformer,train,prediction_ft_classifier_score,1998-02-27,0.06651531141547323
ft_transformer,train,prediction_ft_classifier_score,1998-03-31,0.023724256631594026
ft_transformer,train,prediction_ft_classifier_score,1998-04-30,0.22931765497513532
ft_transformer,train,prediction_ft_classifier_score,1998-05-29,0.26414366314500143
ft_transformer,train,prediction_ft_classifier_score,1998-06-30,0.1885953377210847
ft_transformer,train,prediction_ft_classifier_score,1998-07-31,0.3641718180718702
ft_transformer,train,prediction_ft_classifier_score,1998-08-31,0.04283546621080538
ft_transformer,train,prediction_ft_classifier_score,1998-09-30,0.02379278601343718
ft_transformer,train,prediction_ft_classifier_score,1998-10-30,-0.02426673919593352
ft_transformer,train,prediction_ft_classifier_score,1998-11-30,0.17637852157094833
ft_transformer,train,prediction_ft_classifier_score,1998-12-31,-0.23331656971174106
ft_transformer,train,prediction_ft_classifier_score,1999-01-29,0.15958908124803053
ft_transformer,train,prediction_ft_classifier_score,1999-02-26,0.07542808487614407
ft_transformer,train,prediction_ft_classifier_score,1999-03-31,-0.02125057255989009
ft_transformer,train,prediction_ft_classifier_score,1999-04-30,-0.03484439940371763
ft_transformer,train,prediction_ft_classifier_score,1999-05-28,0.08800352784823359
ft_transformer,train,prediction_ft_classifier_score,1999-06-30,0.016429678600499494
ft_transformer,train,prediction_ft_classifier_score,1999-07-30,0.12064992669571413
ft_transformer,train,prediction_ft_classifier_score,1999-08-31,0.02454489190832025
ft_transformer,train,prediction_ft_classifier_score,1999-09-30,0.12465964601162785
ft_transformer,train,prediction_ft_classifier_score,1999-10-29,-0.1998732096694063
ft_transformer,train,prediction_ft_classifier_score,1999-11-30,-0.07614070772263012
ft_transformer,train,prediction_ft_classifier_score,1999-12-31,-0.2256641156019426
ft_transformer,train,prediction_ft_classifier_score,2000-01-31,-0.16459423310189006
ft_transformer,train,prediction_ft_classifier_score,2000-02-29,0.2257161814535559
ft_transformer,train,prediction_ft_classifier_score,2000-03-31,0.41111485154517347
ft_transformer,train,prediction_ft_classifier_score,2000-04-28,0.3175605020187262
ft_transformer,train,prediction_ft_classifier_score,2000-05-31,-0.15209184487917868
ft_transformer,train,prediction_ft_classifier_score,2000-06-30,0.2894910571160326
ft_transformer,train,prediction_ft_classifier_score,2000-07-31,0.06404726509680458
ft_transformer,train,prediction_ft_classifier_score,2000-08-31,0.31316934659244056
ft_transformer,train,prediction_ft_classifier_score,2000-09-29,0.36332613400336505
ft_transformer,train,prediction_ft_classifier_score,2000-10-31,0.5175246993309596
ft_transformer,train,prediction_ft_classifier_score,2000-11-30,0.3874023577545736
ft_transformer,train,prediction_ft_classifier_score,2000-12-29,-0.48528285340258925
ft_transformer,train,prediction_ft_classifier_score,2001-01-31,0.48474620408154934
ft_transformer,train,prediction_ft_classifier_score,2001-02-28,0.3732737374058663
ft_transformer,train,prediction_ft_classifier_score,2001-03-30,-0.07196584710311082
ft_transformer,train,prediction_ft_classifier_score,2001-04-30,0.013818716678023911
ft_transformer,train,prediction_ft_classifier_score,2001-05-31,0.14023811797403296
ft_transformer,train,prediction_ft_classifier_score,2001-06-29,0.2974435269728485
ft_transformer,train,prediction_ft_classifier_score,2001-07-31,0.30353753445738335
ft_transformer,train,prediction_ft_classifier_score,2001-08-31,0.4078379850366177
ft_transformer,train,prediction_ft_classifier_score,2001-09-28,-0.15630446727921943
ft_transformer,train,prediction_ft_classifier_score,2001-10-31,-0.15508610356035513
ft_transformer,train,prediction_ft_classifier_score,2001-11-30,-0.0417408298185861
ft_transformer,train,prediction_ft_classifier_score,2001-12-31,0.13359350562290545
ft_transformer,train,prediction_ft_classifier_score,2002-01-31,0.4012154789742232
ft_transformer,train,prediction_ft_classifier_score,2002-02-28,-0.0655228812649988
ft_transformer,train,prediction_ft_classifier_score,2002-03-28,0.34506388197098786
ft_transformer,train,prediction_ft_classifier_score,2002-04-30,0.22914524277022175
ft_transformer,train,prediction_ft_classifier_score,2002-05-31,0.34332849077915933
ft_transformer,train,prediction_ft_classifier_score,2002-06-28,0.23587864573614753
ft_transformer,train,prediction_ft_classifier_score,2002-07-31,0.13928910030611744
ft_transformer,train,prediction_ft_classifier_score,2002-08-30,0.35996339211123746
ft_transformer,train,prediction_ft_classifier_score,2002-09-30,-0.07591495380806772
ft_transformer,train,prediction_ft_classifier_score,2002-10-31,-0.330702075032126
ft_transformer,train,prediction_ft_classifier_score,2002-11-29,0.3714043651943267
ft_transformer,train,prediction_ft_classifier_score,2002-12-31,0.020736555064103268
ft_transformer,train,prediction_ft_classifier_score,2003-01-31,0.18498737605147147
ft_transformer,train,prediction_ft_classifier_score,2003-02-28,0.09904382829951953
ft_transformer,train,prediction_ft_classifier_score,2003-03-31,-0.19088203440657903
ft_transformer,train,prediction_ft_classifier_score,2003-04-30,-0.33504472011497316
ft_transformer,train,prediction_ft_classifier_score,2003-05-30,-0.10571838192882446
ft_transformer,train,prediction_ft_classifier_score,2003-06-30,-0.1301913671920319
ft_transformer,train,prediction_ft_classifier_score,2003-07-31,-0.10093532892257587
ft_transformer,train,prediction_ft_classifier_score,2003-08-29,-0.05953966737544499
ft_transformer,train,prediction_ft_classifier_score,2003-09-30,-0.018517358866828794
ft_transformer,train,prediction_ft_classifier_score,2003-10-31,0.060426431754650484
ft_transformer,train,prediction_ft_classifier_score,2003-11-28,0.09789641113359537
ft_transformer,train,prediction_ft_classifier_score,2003-12-31,-0.272074543114948
ft_transformer,train,prediction_ft_classifier_score,2004-01-30,0.19742946270204761
ft_transformer,train,prediction_ft_classifier_score,2004-02-27,0.13966724243117093
ft_transformer,train,prediction_ft_classifier_score,2004-03-31,0.06529337936022027
ft_transformer,train,prediction_ft_classifier_score,2004-04-30,0.12771198695573266
ft_transformer,train,prediction_ft_classifier_score,2004-05-28,0.15860707246160383
ft_transformer,train,prediction_ft_classifier_score,2004-06-30,0.32651908631918747
ft_transformer,train,prediction_ft_classifier_score,2004-07-30,0.13206854605406135
ft_transformer,train,prediction_ft_classifier_score,2004-08-31,0.02864446329806335
ft_transformer,train,prediction_ft_classifier_score,2004-09-30,0.07237786962116469
ft_transformer,train,prediction_ft_classifier_score,2004-10-29,-0.06551947669250267
ft_transformer,train,prediction_ft_classifier_score,2004-11-30,-0.1443206079380658
ft_transformer,train,prediction_ft_classifier_score,2004-12-31,0.21229174546738916
ft_transformer,train,prediction_ft_classifier_score,2005-01-31,0.15516434016942526
ft_transformer,train,prediction_ft_classifier_score,2005-02-28,0.1746340174669025
ft_transformer,train,prediction_ft_classifier_score,2005-03-31,0.22758749013996252
ft_transformer,train,prediction_ft_classifier_score,2005-04-29,-0.0019379945997488387
ft_transformer,train,prediction_ft_classifier_score,2005-05-31,0.006706686153070402
ft_transformer,train,prediction_ft_classifier_score,2005-06-30,-0.06144671488671428
ft_transformer,train,prediction_ft_classifier_score,2005-07-29,0.0913973642033812
ft_transformer,train,prediction_ft_classifier_score,2005-08-31,0.07034936110815393
ft_transformer,train,prediction_ft_classifier_score,2005-09-30,0.1609755937657931
ft_transformer,train,prediction_ft_classifier_score,2005-10-31,0.03775171667705979
ft_transformer,train,prediction_ft_classifier_score,2005-11-30,0.024529487705146975
ft_transformer,train,prediction_ft_classifier_score,2005-12-30,-0.13052650321374248
ft_transformer,train,prediction_ft_classifier_score,2006-01-31,0.04668022995405539
ft_transformer,train,prediction_ft_classifier_score,2006-02-28,-0.008639162116392285
ft_transformer,train,prediction_ft_classifier_score,2006-03-31,0.09773386734648276
ft_transformer,train,prediction_ft_classifier_score,2006-04-28,0.20173331656436214
ft_transformer,train,prediction_ft_classifier_score,2006-05-31,0.17509979136313572
ft_transformer,train,prediction_ft_classifier_score,2006-06-30,0.2752290256188627
ft_transformer,train,prediction_ft_classifier_score,2006-07-31,0.013511578405877094
ft_transformer,train,prediction_ft_classifier_score,2006-08-31,0.09589407606601365
ft_transformer,train,prediction_ft_classifier_score,2006-09-29,-0.044421018248512446
ft_transformer,train,prediction_ft_classifier_score,2006-10-31,0.019247934414769494
ft_transformer,train,prediction_ft_classifier_score,2006-11-30,0.10094053439015513
ft_transformer,train,prediction_ft_classifier_score,2006-12-29,0.0048227492172494
ft_transformer,train,prediction_ft_classifier_score,2007-01-31,-0.01657105609745254
ft_transformer,train,prediction_ft_classifier_score,2007-02-28,0.11713729994056915
ft_transformer,train,prediction_ft_classifier_score,2007-03-30,0.05009712650510379
ft_transformer,train,prediction_ft_classifier_score,2007-04-30,0.13783936683869427
ft_transformer,train,prediction_ft_classifier_score,2007-05-31,0.011081056324654599
ft_transformer,train,prediction_ft_classifier_score,2007-06-29,0.07165990866517388
ft_transformer,train,prediction_ft_classifier_score,2007-07-31,0.19796160836211446
ft_transformer,train,prediction_ft_classifier_score,2007-08-31,0.08290693926253088
ft_transformer,train,prediction_ft_classifier_score,2007-09-28,0.11520363982292478
ft_transformer,train,prediction_ft_classifier_score,2007-10-31,0.2837343793095252
ft_transformer,train,prediction_ft_classifier_score,2007-11-30,0.13173334318243027
ft_transformer,train,prediction_ft_classifier_score,2007-12-31,0.07539198347247526
ft_transformer,train,prediction_ft_classifier_score,2008-01-31,0.09355666784543552
ft_transformer,train,prediction_ft_classifier_score,2008-02-29,0.20997616384250975
ft_transformer,train,prediction_ft_classifier_score,2008-03-31,0.1111471910720965
ft_transformer,train,prediction_ft_classifier_score,2008-04-30,0.019715195439278427
ft_transformer,train,prediction_ft_classifier_score,2008-05-30,0.18828897256589433
ft_transformer,train,prediction_ft_classifier_score,2008-06-30,0.02135677481725765
ft_transformer,train,prediction_ft_classifier_score,2008-07-31,-0.008329517812388412
ft_transformer,train,prediction_ft_classifier_score,2008-08-29,0.18118727465392964
ft_transformer,train,prediction_ft_classifier_score,2008-09-30,0.273255673133038
ft_transformer,train,prediction_ft_classifier_score,2008-10-31,0.2720373690379724
ft_transformer,train,prediction_ft_classifier_score,2008-11-28,0.04756359577618605
ft_transformer,train,prediction_ft_classifier_score,2008-12-31,-0.02745885493189879
ft_transformer,train,prediction_ft_classifier_score,2009-01-30,0.1846605904946122
ft_transformer,train,prediction_ft_classifier_score,2009-02-27,-0.1599255809467197
ft_transformer,train,prediction_ft_classifier_score,2009-03-31,-0.33866153978685737
ft_transformer,train,prediction_ft_classifier_score,2009-04-30,-0.14569807575047006
ft_transformer,train,prediction_ft_classifier_score,2009-05-29,0.0029304335236885605
ft_transformer,train,prediction_ft_classifier_score,2009-06-30,0.021338984494412974
ft_transformer,train,prediction_ft_classifier_score,2009-07-31,-0.11145962272514086
ft_transformer,train,prediction_ft_classifier_score,2009-08-31,-0.08073741285987737
ft_transformer,train,prediction_ft_classifier_score,2009-09-30,0.22534993495402533
ft_transformer,train,prediction_ft_classifier_score,2009-10-30,0.20053927012814798
ft_transformer,train,prediction_ft_classifier_score,2009-11-30,-0.057599828811164655
ft_transformer,train,prediction_ft_classifier_score,2009-12-31,-0.08178339027189027
ft_transformer,train,prediction_ft_classifier_score,2010-01-29,0.08282879367144781
ft_transformer,train,prediction_ft_classifier_score,2010-02-26,-0.021473490761334233
ft_transformer,train,prediction_ft_classifier_score,2010-03-31,-0.14935681017263502
ft_transformer,train,prediction_ft_classifier_score,2010-04-30,0.22864798613186738
ft_transformer,train,prediction_ft_classifier_score,2010-05-28,0.259172417868979
ft_transformer,train,prediction_ft_classifier_score,2010-06-30,0.05729696922026891
ft_transformer,train,prediction_ft_classifier_score,2010-07-30,0.2964253383412376
ft_transformer,train,prediction_ft_classifier_score,2010-08-31,-0.12153903961250731
ft_transformer,train,prediction_ft_classifier_score,2010-09-30,0.00809901976332218
ft_transformer,train,prediction_ft_classifier_score,2010-10-29,0.00852418015868529
ft_transformer,train,prediction_ft_classifier_score,2010-11-30,-0.16556522467591517
ft_transformer,validation,prediction_ft_er_train_score,2010-12-31,0.013344906311445538
ft_transformer,validation,prediction_ft_er_train_score,2011-01-31,0.16296752406085088
ft_transformer,validation,prediction_ft_er_train_score,2011-02-28,0.1473139072480928
ft_transformer,validation,prediction_ft_er_train_score,2011-03-31,0.11449169393972597
ft_transformer,validation,prediction_ft_er_train_score,2011-04-29,0.008523099031469408
ft_transformer,validation,prediction_ft_er_train_score,2011-05-31,0.12518850528966105
ft_transformer,validation,prediction_ft_er_train_score,2011-06-30,-0.04187213952166016
ft_transformer,validation,prediction_ft_er_train_score,2011-07-29,0.07543397853308675
ft_transformer,validation,prediction_ft_er_train_score,2011-08-31,0.06287392196359526
ft_transformer,validation,prediction_ft_er_train_score,2011-09-30,0.1355912281806967
ft_transformer,validation,prediction_ft_er_train_score,2011-10-31,0.24129776065450945
ft_transformer,validation,prediction_ft_er_train_score,2011-11-30,0.1891239884197683
ft_transformer,validation,prediction_ft_er_train_score,2011-12-30,-0.17690359804020775
ft_transformer,validation,prediction_ft_er_train_score,2012-01-31,-0.008476983818460552
ft_transformer,validation,prediction_ft_er_train_score,2012-02-29,0.10026811731725792
ft_transformer,validation,prediction_ft_er_train_score,2012-03-30,0.10841340673403176
ft_transformer,validation,prediction_ft_er_train_score,2012-04-30,-0.05271306898886494
ft_transformer,validation,prediction_ft_er_train_score,2012-05-31,0.02362153738099768
ft_transformer,validation,prediction_ft_er_train_score,2012-06-29,0.12154522376875988
ft_transformer,validation,prediction_ft_er_train_score,2012-07-31,0.07291298445568399
ft_transformer,validation,prediction_ft_er_train_score,2012-08-31,0.00687668236124064
ft_transformer,validation,prediction_ft_er_train_score,2012-09-28,0.13731989849052323
ft_transformer,validation,prediction_ft_er_train_score,2012-10-31,0.1338705860957625
ft_transformer,validation,prediction_ft_er_train_score,2012-11-30,0.08905471032319036
ft_transformer,validation,prediction_ft_er_train_score,2012-12-31,0.08988234691982754
ft_transformer,validation,prediction_ft_er_train_score,2013-01-31,0.13509811094736832
ft_transformer,validation,prediction_ft_er_train_score,2013-02-28,0.18341720966790917
ft_transformer,validation,prediction_ft_er_train_score,2013-03-28,0.02192016677567219
ft_transformer,validation,prediction_ft_er_train_score,2013-04-30,0.143338522050122
ft_transformer,validation,prediction_ft_er_train_score,2013-05-31,0.14274343983013696
ft_transformer,validation,prediction_ft_er_train_score,2013-06-28,0.1844117181393766
ft_transformer,validation,prediction_ft_er_train_score,2013-07-31,-0.09434752430734215
ft_transformer,validation,prediction_ft_er_train_score,2013-08-30,0.1412212360804542
ft_transformer,validation,prediction_ft_er_train_score,2013-09-30,0.20549610253320288
ft_transformer,validation,prediction_ft_er_train_score,2013-10-31,0.1994562102704265
ft_transformer,validation,prediction_ft_er_train_score,2013-11-29,0.09065746345771496
ft_transformer,validation,prediction_ft_er_train_score,2013-12-31,-0.29142867290657193
ft_transformer,validation,prediction_ft_er_train_score,2014-01-31,0.08029341316375323
ft_transformer,validation,prediction_ft_er_train_score,2014-02-28,0.09323605067792952
ft_transformer,validation,prediction_ft_er_train_score,2014-03-31,0.0634669710437514
ft_transformer,validation,prediction_ft_er_train_score,2014-04-30,0.10755969053702134
ft_transformer,validation,prediction_ft_er_train_score,2014-05-30,0.021714102445073196
ft_transformer,validation,prediction_ft_er_train_score,2014-06-30,0.050773724129233505
ft_transformer,validation,prediction_ft_er_train_score,2014-07-31,0.18983490774996792
ft_transformer,validation,prediction_ft_er_train_score,2014-08-29,0.026828529019070506
ft_transformer,validation,prediction_ft_er_train_score,2014-09-30,0.23186305476837962
ft_transformer,validation,prediction_ft_er_train_score,2014-10-31,0.1584609101577357
ft_transformer,validation,prediction_ft_er_train_score,2014-11-28,0.18705942421942878
ft_transformer,validation,prediction_ft_er_train_score,2014-12-31,-0.01799331769257484
ft_transformer,validation,prediction_ft_er_train_score,2015-01-30,0.024624296740231387
ft_transformer,validation,prediction_ft_er_train_score,2015-02-27,0.23398589566389774
ft_transformer,validation,prediction_ft_er_train_score,2015-03-31,-0.16316261393386408
ft_transformer,validation,prediction_ft_er_train_score,2015-04-30,0.17376017380724817
ft_transformer,validation,prediction_ft_er_train_score,2015-05-29,0.12819099450416618
ft_transformer,validation,prediction_ft_er_train_score,2015-06-30,0.21362405002726273
ft_transformer,validation,prediction_ft_er_train_score,2015-07-31,0.018090811071661255
ft_transformer,validation,prediction_ft_er_train_score,2015-08-31,0.17683221424686493
ft_transformer,validation,prediction_ft_er_train_score,2015-09-30,0.023538168181081818
ft_transformer,validation,prediction_ft_er_train_score,2015-10-30,0.13088184654135523
ft_transformer,validation,prediction_ft_er_train_score,2015-11-30,0.10572124474086451
ft_transformer,validation,prediction_ft_classifier_score,2010-12-31,0.006955606557246881
ft_transformer,validation,prediction_ft_classifier_score,2011-01-31,0.10158850179045309
ft_transformer,validation,prediction_ft_classifier_score,2011-02-28,0.139472118115208
ft_transformer,validation,prediction_ft_classifier_score,2011-03-31,0.16543143254859713
ft_transformer,validation,prediction_ft_classifier_score,2011-04-29,0.15133388099109205
ft_transformer,validation,prediction_ft_classifier_score,2011-05-31,0.20113080908239847
ft_transformer,validation,prediction_ft_classifier_score,2011-06-30,-0.001999665206216702
ft_transformer,validation,prediction_ft_classifier_score,2011-07-29,0.2890795588822599
ft_transformer,validation,prediction_ft_classifier_score,2011-08-31,0.23060980243415477
ft_transformer,validation,prediction_ft_classifier_score,2011-09-30,-0.038442539682221125
ft_transformer,validation,prediction_ft_classifier_score,2011-10-31,0.27328874314327806
ft_transformer,validation,prediction_ft_classifier_score,2011-11-30,0.22854638625996626
ft_transformer,validation,prediction_ft_classifier_score,2011-12-30,-0.28583673143264704
ft_transformer,validation,prediction_ft_classifier_score,2012-01-31,-0.04425084604390417
ft_transformer,validation,prediction_ft_classifier_score,2012-02-29,0.0451498952102753
ft_transformer,validation,prediction_ft_classifier_score,2012-03-30,0.19784460541967078
ft_transformer,validation,prediction_ft_classifier_score,2012-04-30,0.13482106286372852
ft_transformer,validation,prediction_ft_classifier_score,2012-05-31,0.00782334900549066
ft_transformer,validation,prediction_ft_classifier_score,2012-06-29,0.21571470824301567
ft_transformer,validation,prediction_ft_classifier_score,2012-07-31,-0.0015213731642351074
ft_transformer,validation,prediction_ft_classifier_score,2012-08-31,-0.03293949887078121
ft_transformer,validation,prediction_ft_classifier_score,2012-09-28,0.17817896369699418
ft_transformer,validation,prediction_ft_classifier_score,2012-10-31,0.12699791813063308
ft_transformer,validation,prediction_ft_classifier_score,2012-11-30,-0.015135080639147841
ft_transformer,validation,prediction_ft_classifier_score,2012-12-31,0.020803886594715684
ft_transformer,validation,prediction_ft_classifier_score,2013-01-31,0.12515350418701862
ft_transformer,validation,prediction_ft_classifier_score,2013-02-28,0.09813650485987928
ft_transformer,validation,prediction_ft_classifier_score,2013-03-28,0.12119477683657215
ft_transformer,validation,prediction_ft_classifier_score,2013-04-30,-0.055121121730794594
ft_transformer,validation,prediction_ft_classifier_score,2013-05-31,0.07005088914564811
ft_transformer,validation,prediction_ft_classifier_score,2013-06-28,0.04654084307059294
ft_transformer,validation,prediction_ft_classifier_score,2013-07-31,-0.08229360096696281
ft_transformer,validation,prediction_ft_classifier_score,2013-08-30,0.07058349455085894
ft_transformer,validation,prediction_ft_classifier_score,2013-09-30,0.20486360150062835
ft_transformer,validation,prediction_ft_classifier_score,2013-10-31,0.09418958042338656
ft_transformer,validation,prediction_ft_classifier_score,2013-11-29,0.06338042832842565
ft_transformer,validation,prediction_ft_classifier_score,2013-12-31,-0.24862859809232757
ft_transformer,validation,prediction_ft_classifier_score,2014-01-31,0.05286810010686793
ft_transformer,validation,prediction_ft_classifier_score,2014-02-28,0.1484432094629599
ft_transformer,validation,prediction_ft_classifier_score,2014-03-31,0.22646737550778648
ft_transformer,validation,prediction_ft_classifier_score,2014-04-30,0.16104115965990573
ft_transformer,validation,prediction_ft_classifier_score,2014-05-30,-0.05585295202794978
ft_transformer,validation,prediction_ft_classifier_score,2014-06-30,0.14745792922422257
ft_transformer,validation,prediction_ft_classifier_score,2014-07-31,0.12617187455810178
ft_transformer,validation,prediction_ft_classifier_score,2014-08-29,0.14280073518710104
ft_transformer,validation,prediction_ft_classifier_score,2014-09-30,0.19337163769033985
ft_transformer,validation,prediction_ft_classifier_score,2014-10-31,0.19429366953173946
ft_transformer,validation,prediction_ft_classifier_score,2014-11-28,0.12087095577718958
ft_transformer,validation,prediction_ft_classifier_score,2014-12-31,0.0839321729153414
ft_transformer,validation,prediction_ft_classifier_score,2015-01-30,-0.053753429461719904
ft_transformer,validation,prediction_ft_classifier_score,2015-02-27,0.21386286636854324
ft_transformer,validation,prediction_ft_classifier_score,2015-03-31,-0.11035970901462604
ft_transformer,validation,prediction_ft_classifier_score,2015-04-30,0.15053092216479272
ft_transformer,validation,prediction_ft_classifier_score,2015-05-29,0.08353249671292427
ft_transformer,validation,prediction_ft_classifier_score,2015-06-30,0.3108738723231341
ft_transformer,validation,prediction_ft_classifier_score,2015-07-31,0.07647843945632014
ft_transformer,validation,prediction_ft_classifier_score,2015-08-31,0.2940675586171174
ft_transformer,validation,prediction_ft_classifier_score,2015-09-30,0.0028807197561571307
ft_transformer,validation,prediction_ft_classifier_score,2015-10-30,0.09608102761832586
ft_transformer,validation,prediction_ft_classifier_score,2015-11-30,0.20712542953255444
ft_transformer,test,prediction_ft_er_train_score,2015-12-31,0.13973451742379228
ft_transformer,test,prediction_ft_er_train_score,2016-01-29,0.04200127917938146
ft_transformer,test,prediction_ft_er_train_score,2016-02-29,-0.10724477857936673
ft_transformer,test,prediction_ft_er_train_score,2016-03-31,-0.17293431898130726
ft_transformer,test,prediction_ft_er_train_score,2016-04-29,0.09975271495963112
ft_transformer,test,prediction_ft_er_train_score,2016-05-31,0.08345483617802306
ft_transformer,test,prediction_ft_er_train_score,2016-06-30,0.0009345770452436943
ft_transformer,test,prediction_ft_er_train_score,2016-07-29,-0.05292319070545005
ft_transformer,test,prediction_ft_er_train_score,2016-08-31,-0.025555795694177787
ft_transformer,test,prediction_ft_er_train_score,2016-09-30,0.15216701536313398
ft_transformer,test,prediction_ft_er_train_score,2016-10-31,0.15624877114881092
ft_transformer,test,prediction_ft_er_train_score,2016-11-30,0.1709793152486234
ft_transformer,test,prediction_ft_er_train_score,2016-12-30,-0.0755942042086908
ft_transformer,test,prediction_ft_er_train_score,2017-01-31,0.0707564758464855
ft_transformer,test,prediction_ft_er_train_score,2017-02-28,0.01807407570794336
ft_transformer,test,prediction_ft_er_train_score,2017-03-31,0.15855868504808465
ft_transformer,test,prediction_ft_er_train_score,2017-04-28,0.11036004427204565
ft_transformer,test,prediction_ft_er_train_score,2017-05-31,0.0887350120817737
ft_transformer,test,prediction_ft_er_train_score,2017-06-30,0.11588663219071557
ft_transformer,test,prediction_ft_er_train_score,2017-07-31,0.0986011050536487
ft_transformer,test,prediction_ft_er_train_score,2017-08-31,0.04305448617163618
ft_transformer,test,prediction_ft_er_train_score,2017-09-29,0.2509965134570181
ft_transformer,test,prediction_ft_er_train_score,2017-10-31,0.09474701288432898
ft_transformer,test,prediction_ft_er_train_score,2017-11-30,-0.016065476855913276
ft_transformer,test,prediction_ft_er_train_score,2017-12-29,0.12598444104714443
ft_transformer,test,prediction_ft_er_train_score,2018-01-31,-0.03885921080100388
ft_transformer,test,prediction_ft_er_train_score,2018-02-28,0.025917426755196284
ft_transformer,test,prediction_ft_er_train_score,2018-03-29,-0.016440279054462943
ft_transformer,test,prediction_ft_er_train_score,2018-04-30,0.06183766868406448
ft_transformer,test,prediction_ft_er_train_score,2018-05-31,0.07468522063049715
ft_transformer,test,prediction_ft_er_train_score,2018-06-29,0.15460045831301417
ft_transformer,test,prediction_ft_er_train_score,2018-07-31,0.1335274829833991
ft_transformer,test,prediction_ft_er_train_score,2018-08-31,0.049248649886130834
ft_transformer,test,prediction_ft_er_train_score,2018-09-28,0.002229803450647054
ft_transformer,test,prediction_ft_er_train_score,2018-10-31,0.09625733118950372
ft_transformer,test,prediction_ft_er_train_score,2018-11-30,0.08280230016746853
ft_transformer,test,prediction_ft_er_train_score,2018-12-31,-0.16182780510670947
ft_transformer,test,prediction_ft_er_train_score,2019-01-31,0.0011719896312664304
ft_transformer,test,prediction_ft_er_train_score,2019-02-28,0.03853845566578239
ft_transformer,test,prediction_ft_er_train_score,2019-03-29,0.1812145458440686
ft_transformer,test,prediction_ft_er_train_score,2019-04-30,0.13492693197649858
ft_transformer,test,prediction_ft_er_train_score,2019-05-31,0.2021228035204067
ft_transformer,test,prediction_ft_er_train_score,2019-06-28,0.18782244600928819
ft_transformer,test,prediction_ft_er_train_score,2019-07-31,0.04809304482506389
ft_transformer,test,prediction_ft_er_train_score,2019-08-30,0.1312052900452552
ft_transformer,test,prediction_ft_er_train_score,2019-09-30,0.11363880071258525
ft_transformer,test,prediction_ft_er_train_score,2019-10-31,0.05737509380126525
ft_transformer,test,prediction_ft_er_train_score,2019-11-29,-0.04561685623518941
ft_transformer,test,prediction_ft_er_train_score,2019-12-31,-0.06128258083302339
ft_transformer,test,prediction_ft_er_train_score,2020-01-31,-0.08268730655142516
ft_transformer,test,prediction_ft_er_train_score,2020-02-28,0.02183173199891588
ft_transformer,test,prediction_ft_er_train_score,2020-03-31,-0.07507383280780457
ft_transformer,test,prediction_ft_er_train_score,2020-04-30,-0.061428406782362534
ft_transformer,test,prediction_ft_er_train_score,2020-05-29,-0.1319061810533862
ft_transformer,test,prediction_ft_er_train_score,2020-06-30,0.16242932157990447
ft_transformer,test,prediction_ft_er_train_score,2020-07-31,0.04848187919023441
ft_transformer,test,prediction_ft_er_train_score,2020-08-31,0.08256765454825601
ft_transformer,test,prediction_ft_er_train_score,2020-09-30,0.09727351045779352
ft_transformer,test,prediction_ft_er_train_score,2020-10-30,-0.046179889064182446
ft_transformer,test,prediction_ft_er_train_score,2020-11-30,0.027016046876744044
ft_transformer,test,prediction_ft_er_train_score,2020-12-31,-0.1452234039540856
ft_transformer,test,prediction_ft_er_train_score,2021-01-29,0.1308605325747658
ft_transformer,test,prediction_ft_er_train_score,2021-02-26,0.20315628279049436
ft_transformer,test,prediction_ft_er_train_score,2021-03-31,0.1940431911064633
ft_transformer,test,prediction_ft_er_train_score,2021-04-30,0.2745649367663035
ft_transformer,test,prediction_ft_er_train_score,2021-05-28,-0.1606298711650826
ft_transformer,test,prediction_ft_er_train_score,2021-06-30,0.26563236862709255
ft_transformer,test,prediction_ft_er_train_score,2021-07-30,0.07350592105182861
ft_transformer,test,prediction_ft_er_train_score,2021-08-31,0.12067708663374217
ft_transformer,test,prediction_ft_er_train_score,2021-09-30,0.25258228587022263
ft_transformer,test,prediction_ft_er_train_score,2021-10-29,0.2706531305708936
ft_transformer,test,prediction_ft_er_train_score,2021-11-30,0.4030179571243
ft_transformer,test,prediction_ft_er_train_score,2021-12-31,0.19039126680868365
ft_transformer,test,prediction_ft_er_train_score,2022-01-31,0.12438255089539177
ft_transformer,test,prediction_ft_er_train_score,2022-02-28,0.10674951513875217
ft_transformer,test,prediction_ft_er_train_score,2022-03-31,0.425523027414193
ft_transformer,test,prediction_ft_er_train_score,2022-04-29,0.23639375900389087
ft_transformer,test,prediction_ft_er_train_score,2022-05-31,-0.009366745161285255
ft_transformer,test,prediction_ft_er_train_score,2022-06-30,0.04863811460113283
ft_transformer,test,prediction_ft_er_train_score,2022-07-29,0.041537365532529194
ft_transformer,test,prediction_ft_er_train_score,2022-08-31,0.24471935279124551
ft_transformer,test,prediction_ft_er_train_score,2022-09-30,0.3257304339833355
ft_transformer,test,prediction_ft_er_train_score,2022-10-31,0.10191015642375686
ft_transformer,test,prediction_ft_er_train_score,2022-11-30,0.15336673311968418
ft_transformer,test,prediction_ft_er_train_score,2022-12-30,-0.2148079427486762
ft_transformer,test,prediction_ft_er_train_score,2023-01-31,0.19123672976757655
ft_transformer,test,prediction_ft_er_train_score,2023-02-28,0.13937738071553388
ft_transformer,test,prediction_ft_er_train_score,2023-03-31,0.06478065040642822
ft_transformer,test,prediction_ft_er_train_score,2023-04-28,-0.03090813791888062
ft_transformer,test,prediction_ft_er_train_score,2023-05-31,0.1700051738893973
ft_transformer,test,prediction_ft_er_train_score,2023-06-30,-0.020434901598655294
ft_transformer,test,prediction_ft_er_train_score,2023-07-31,0.18121694974606278
ft_transformer,test,prediction_ft_er_train_score,2023-08-31,0.1539652067554666
ft_transformer,test,prediction_ft_er_train_score,2023-09-29,0.1872323276973098
ft_transformer,test,prediction_ft_er_train_score,2023-10-31,0.03802659943119452
ft_transformer,test,prediction_ft_er_train_score,2023-11-30,-0.04244062402819753
ft_transformer,test,prediction_ft_er_train_score,2023-12-29,0.17291662203466088
ft_transformer,test,prediction_ft_er_train_score,2024-01-31,0.043735184113791216
ft_transformer,test,prediction_ft_er_train_score,2024-02-29,0.17496082912822708
ft_transformer,test,prediction_ft_er_train_score,2024-03-28,0.06448585907435972
ft_transformer,test,prediction_ft_er_train_score,2024-04-30,0.15802063906471372
ft_transformer,test,prediction_ft_er_train_score,2024-05-31,0.12461572872836127
ft_transformer,test,prediction_ft_er_train_score,2024-06-28,0.14575319385615654
ft_transformer,test,prediction_ft_er_train_score,2024-07-31,0.20195398310086982
ft_transformer,test,prediction_ft_er_train_score,2024-08-30,0.056836807937106104
ft_transformer,test,prediction_ft_er_train_score,2024-09-30,0.0897938012776241
ft_transformer,test,prediction_ft_er_train_score,2024-10-31,0.16978020346785053
ft_transformer,test,prediction_ft_classifier_score,2015-12-31,0.28181342847982516
ft_transformer,test,prediction_ft_classifier_score,2016-01-29,0.0401838822609895
ft_transformer,test,prediction_ft_classifier_score,2016-02-29,-0.14617345890637537
ft_transformer,test,prediction_ft_classifier_score,2016-03-31,-0.19933994320482504
ft_transformer,test,prediction_ft_classifier_score,2016-04-29,0.1224815217341051
ft_transformer,test,prediction_ft_classifier_score,2016-05-31,0.1450921869396633
ft_transformer,test,prediction_ft_classifier_score,2016-06-30,-0.09130980711072982
ft_transformer,test,prediction_ft_classifier_score,2016-07-29,-0.052271038781980035
ft_transformer,test,prediction_ft_classifier_score,2016-08-31,-0.07294849042008765
ft_transformer,test,prediction_ft_classifier_score,2016-09-30,0.2409995781345797
ft_transformer,test,prediction_ft_classifier_score,2016-10-31,-0.019741050069781326
ft_transformer,test,prediction_ft_classifier_score,2016-11-30,0.16802492709752853
ft_transformer,test,prediction_ft_classifier_score,2016-12-30,-0.03584994382239076
ft_transformer,test,prediction_ft_classifier_score,2017-01-31,0.11035221883704659
ft_transformer,test,prediction_ft_classifier_score,2017-02-28,0.038850256736759875
ft_transformer,test,prediction_ft_classifier_score,2017-03-31,0.18317881162026786
ft_transformer,test,prediction_ft_classifier_score,2017-04-28,0.18875762937688723
ft_transformer,test,prediction_ft_classifier_score,2017-05-31,0.02567236928455718
ft_transformer,test,prediction_ft_classifier_score,2017-06-30,0.1717301017429888
ft_transformer,test,prediction_ft_classifier_score,2017-07-31,0.14632706071182344
ft_transformer,test,prediction_ft_classifier_score,2017-08-31,-0.0785703911054438
ft_transformer,test,prediction_ft_classifier_score,2017-09-29,0.24444445597053532
ft_transformer,test,prediction_ft_classifier_score,2017-10-31,0.05365521581574225
ft_transformer,test,prediction_ft_classifier_score,2017-11-30,0.015658579924375776
ft_transformer,test,prediction_ft_classifier_score,2017-12-29,0.12123436336022257
ft_transformer,test,prediction_ft_classifier_score,2018-01-31,0.01658417180425384
ft_transformer,test,prediction_ft_classifier_score,2018-02-28,-0.0031442032151085325
ft_transformer,test,prediction_ft_classifier_score,2018-03-29,-0.02627377960022966
ft_transformer,test,prediction_ft_classifier_score,2018-04-30,-0.03664442117094795
ft_transformer,test,prediction_ft_classifier_score,2018-05-31,0.038994196838110215
ft_transformer,test,prediction_ft_classifier_score,2018-06-29,0.19752563847861732
ft_transformer,test,prediction_ft_classifier_score,2018-07-31,0.07158776170569205
ft_transformer,test,prediction_ft_classifier_score,2018-08-31,0.10223325749098326
ft_transformer,test,prediction_ft_classifier_score,2018-09-28,0.14705425724311993
ft_transformer,test,prediction_ft_classifier_score,2018-10-31,0.16747465320383054
ft_transformer,test,prediction_ft_classifier_score,2018-11-30,0.2716239763948629
ft_transformer,test,prediction_ft_classifier_score,2018-12-31,-0.2761847621713096
ft_transformer,test,prediction_ft_classifier_score,2019-01-31,-0.07376700988129073
ft_transformer,test,prediction_ft_classifier_score,2019-02-28,0.15862731292522272
ft_transformer,test,prediction_ft_classifier_score,2019-03-29,0.13577095060433367
ft_transformer,test,prediction_ft_classifier_score,2019-04-30,0.28218995979870903
ft_transformer,test,prediction_ft_classifier_score,2019-05-31,0.12472601988343907
ft_transformer,test,prediction_ft_classifier_score,2019-06-28,0.1988074941095026
ft_transformer,test,prediction_ft_classifier_score,2019-07-31,0.22850768954431594
ft_transformer,test,prediction_ft_classifier_score,2019-08-30,0.08850257380013242
ft_transformer,test,prediction_ft_classifier_score,2019-09-30,0.11009121287824802
ft_transformer,test,prediction_ft_classifier_score,2019-10-31,-0.006875009652770078
ft_transformer,test,prediction_ft_classifier_score,2019-11-29,-0.07664934718175268
ft_transformer,test,prediction_ft_classifier_score,2019-12-31,0.04722513067610395
ft_transformer,test,prediction_ft_classifier_score,2020-01-31,0.009220712064303317
ft_transformer,test,prediction_ft_classifier_score,2020-02-28,0.17921631612121333
ft_transformer,test,prediction_ft_classifier_score,2020-03-31,-0.21963421284829865
ft_transformer,test,prediction_ft_classifier_score,2020-04-30,-0.058080515277194676
ft_transformer,test,prediction_ft_classifier_score,2020-05-29,-0.14910456657003124
ft_transformer,test,prediction_ft_classifier_score,2020-06-30,0.1773507727955057
ft_transformer,test,prediction_ft_classifier_score,2020-07-31,0.025424477187141442
ft_transformer,test,prediction_ft_classifier_score,2020-08-31,0.16552283989723449
ft_transformer,test,prediction_ft_classifier_score,2020-09-30,0.06579250173789167
ft_transformer,test,prediction_ft_classifier_score,2020-10-30,-0.25791218006922356
ft_transformer,test,prediction_ft_classifier_score,2020-11-30,-0.06052814893123287
ft_transformer,test,prediction_ft_classifier_score,2020-12-31,-0.22011514310634603
ft_transformer,test,prediction_ft_classifier_score,2021-01-29,-0.05608521952895613
ft_transformer,test,prediction_ft_classifier_score,2021-02-26,0.2199080224840957
ft_transformer,test,prediction_ft_classifier_score,2021-03-31,0.22475685578012466
ft_transformer,test,prediction_ft_classifier_score,2021-04-30,0.2471063940258623
ft_transformer,test,prediction_ft_classifier_score,2021-05-28,-0.1662637912354829
ft_transformer,test,prediction_ft_classifier_score,2021-06-30,0.38916072642887556
ft_transformer,test,prediction_ft_classifier_score,2021-07-30,0.10555639811473574
ft_transformer,test,prediction_ft_classifier_score,2021-08-31,0.11699129009078801
ft_transformer,test,prediction_ft_classifier_score,2021-09-30,0.25294432612999923
ft_transformer,test,prediction_ft_classifier_score,2021-10-29,0.32443308336267535
ft_transformer,test,prediction_ft_classifier_score,2021-11-30,0.3993592554711525
ft_transformer,test,prediction_ft_classifier_score,2021-12-31,0.2614890366485959
ft_transformer,test,prediction_ft_classifier_score,2022-01-31,0.048664648052959246
ft_transformer,test,prediction_ft_classifier_score,2022-02-28,0.08332831148618447
ft_transformer,test,prediction_ft_classifier_score,2022-03-31,0.44051822840608534
ft_transformer,test,prediction_ft_classifier_score,2022-04-29,0.2665805021054831
ft_transformer,test,prediction_ft_classifier_score,2022-05-31,0.10758224265125801
ft_transformer,test,prediction_ft_classifier_score,2022-06-30,-0.030133506004465762
ft_transformer,test,prediction_ft_classifier_score,2022-07-29,0.031536365291413945
ft_transformer,test,prediction_ft_classifier_score,2022-08-31,0.35426557888219196
ft_transformer,test,prediction_ft_classifier_score,2022-09-30,0.1849179755290025
ft_transformer,test,prediction_ft_classifier_score,2022-10-31,0.12840899900219604
ft_transformer,test,prediction_ft_classifier_score,2022-11-30,0.24785646119739307
ft_transformer,test,prediction_ft_classifier_score,2022-12-30,-0.3784968005517951
ft_transformer,test,prediction_ft_classifier_score,2023-01-31,0.23239148101344362
ft_transformer,test,prediction_ft_classifier_score,2023-02-28,0.23333708515623786
ft_transformer,test,prediction_ft_classifier_score,2023-03-31,0.1586226903081272
ft_transformer,test,prediction_ft_classifier_score,2023-04-28,0.007658403883826354
ft_transformer,test,prediction_ft_classifier_score,2023-05-31,0.0756754954041907
ft_transformer,test,prediction_ft_classifier_score,2023-06-30,-0.08600286386686419
ft_transformer,test,prediction_ft_classifier_score,2023-07-31,0.3134330157869614
ft_transformer,test,prediction_ft_classifier_score,2023-08-31,0.25589012953973633
ft_transformer,test,prediction_ft_classifier_score,2023-09-29,0.3195097496775439
ft_transformer,test,prediction_ft_classifier_score,2023-10-31,-0.000990552848906664
ft_transformer,test,prediction_ft_classifier_score,2023-11-30,-0.15747272814946853
ft_transformer,test,prediction_ft_classifier_score,2023-12-29,0.271097451997879
ft_transformer,test,prediction_ft_classifier_score,2024-01-31,0.05011036259373006
ft_transformer,test,prediction_ft_classifier_score,2024-02-29,0.17179061133357684
ft_transformer,test,prediction_ft_classifier_score,2024-03-28,0.19453861382865395
ft_transformer,test,prediction_ft_classifier_score,2024-04-30,0.13053076400566593
ft_transformer,test,prediction_ft_classifier_score,2024-05-31,0.2313119869414603
ft_transformer,test,prediction_ft_classifier_score,2024-06-28,0.06379536688956632
ft_transformer,test,prediction_ft_classifier_score,2024-07-31,0.2859945291734771
ft_transformer,test,prediction_ft_classifier_score,2024-08-30,0.0852262309356311
ft_transformer,test,prediction_ft_classifier_score,2024-09-30,0.09660644903312908
ft_transformer,test,prediction_ft_classifier_score,2024-10-31,0.0984129842870156
