run_name,score_name,split,month,rank_ic,n_stocks
temporal_tabular_small_random,prediction_temporal_tabular_classifier_score,train,1989-12-29,0.012798796031822303,6334
temporal_tabular_small_random,prediction_temporal_tabular_classifier_score,train,1990-01-31,0.03785233086219563,6342
temporal_tabular_small_random,prediction_temporal_tabular_classifier_score,train,1990-02-28,0.0691841415240167,6337
temporal_tabular_small_random,prediction_temporal_tabular_classifier_score,train,1990-03-30,0.09518909299392289,6347
temporal_tabular_small_random,prediction_temporal_tabular_classifier_score,train,1990-04-30,0.13709870565975701,6357
temporal_tabular_small_random,prediction_temporal_tabular_classifier_score,train,1990-05-31,0.10728225822648248,6352
temporal_tabular_small_random,prediction_temporal_tabular_classifier_score,train,1990-06-29,0.13195157954946843,6358
temporal_tabular_small_random,prediction_temporal_tabular_classifier_score,train,1990-07-31,0.1560764680265237,6367
temporal_tabular_small_random,prediction_temporal_tabular_classifier_score,train,1990-08-31,0.14615695816522148,6369
temporal_tabular_small_random,prediction_temporal_tabular_classifier_score,train,1990-09-28,0.17562380204241013,6354
temporal_tabular_small_random,prediction_temporal_tabular_classifier_score,train,1990-10-31,0.1111879902780391,6339
temporal_tabular_small_random,prediction_temporal_tabular_classifier_score,train,1990-11-30,0.22815262440885622,6322
temporal_tabular_small_random,prediction_temporal_tabular_classifier_score,train,1990-12-31,-0.055379946334547674,6313
temporal_tabular_small_random,prediction_temporal_tabular_classifier_score,train,1991-01-31,-0.08090245921317374,6304
temporal_tabular_small_random,prediction_temporal_tabular_classifier_score,train,1991-02-28,-0.008861614882007566,6288
temporal_tabular_small_random,prediction_temporal_tabular_classifier_score,train,1991-03-28,0.04236952407632995,6282
temporal_tabular_small_random,prediction_temporal_tabular_classifier_score,train,1991-04-30,0.13964686927077488,6294
temporal_tabular_small_random,prediction_temporal_tabular_classifier_score,train,1991-05-31,0.08501073272109147,6312
temporal_tabular_small_random,prediction_temporal_tabular_classifier_score,train,1991-06-28,0.13121805220878913,6342
temporal_tabular_small_random,prediction_temporal_tabular_classifier_score,train,1991-07-31,0.11307327718696952,6364
temporal_tabular_small_random,prediction_temporal_tabular_classifier_score,train,1991-08-30,0.0691490397222555,6391
temporal_tabular_small_random,prediction_temporal_tabular_classifier_score,train,1991-09-30,0.08678770306125186,6411
temporal_tabular_small_random,prediction_temporal_tabular_classifier_score,train,1991-10-31,0.06683854288861002,6445
temporal_tabular_small_random,prediction_temporal_tabular_classifier_score,train,1991-11-29,0.25562916295197013,6479
temporal_tabular_small_random,prediction_temporal_tabular_classifier_score,train,1991-12-31,-0.2816975360669758,6495
temporal_tabular_small_random,prediction_temporal_tabular_classifier_score,train,1992-01-31,0.01299293094746859,6517
temporal_tabular_small_random,prediction_temporal_tabular_classifier_score,train,1992-02-28,0.17262222820740114,6546
temporal_tabular_small_random,prediction_temporal_tabular_classifier_score,train,1992-03-31,0.2863710659656479,6600
temporal_tabular_small_random,prediction_temporal_tabular_classifier_score,train,1992-04-30,0.11774034610644522,6613
temporal_tabular_small_random,prediction_temporal_tabular_classifier_score,train,1992-05-29,0.198013503955279,6611
temporal_tabular_small_random,prediction_temporal_tabular_classifier_score,train,1992-06-30,0.11755348611989594,6607
temporal_tabular_small_random,prediction_temporal_tabular_classifier_score,train,1992-07-31,0.17370606304873856,6639
temporal_tabular_small_random,prediction_temporal_tabular_classifier_score,train,1992-08-31,0.11464971133954839,6654
temporal_tabular_small_random,prediction_temporal_tabular_classifier_score,train,1992-09-30,0.06183924279434611,6661
temporal_tabular_small_random,prediction_temporal_tabular_classifier_score,train,1992-10-30,-0.01570111205506469,6706
temporal_tabular_small_random,prediction_temporal_tabular_classifier_score,train,1992-11-30,0.10133555840417635,6740
temporal_tabular_small_random,prediction_temporal_tabular_classifier_score,train,1992-12-31,-0.04414376145933645,6783
temporal_tabular_small_random,prediction_temporal_tabular_classifier_score,train,1993-01-29,0.18344328229654278,6812
temporal_tabular_small_random,prediction_temporal_tabular_classifier_score,train,1993-02-26,0.11956054249336218,6855
temporal_tabular_small_random,prediction_temporal_tabular_classifier_score,train,1993-03-31,0.06383312295865542,6922
temporal_tabular_small_random,prediction_temporal_tabular_classifier_score,train,1993-04-30,-0.05807040273781171,6978
temporal_tabular_small_random,prediction_temporal_tabular_classifier_score,train,1993-05-28,0.08917918440250176,7037
temporal_tabular_small_random,prediction_temporal_tabular_classifier_score,train,1993-06-30,0.1342264970624567,7118
temporal_tabular_small_random,prediction_temporal_tabular_classifier_score,train,1993-07-30,0.10721089259184877,7163
temporal_tabular_small_random,prediction_temporal_tabular_classifier_score,train,1993-08-31,0.06244591833283667,7228
temporal_tabular_small_random,prediction_temporal_tabular_classifier_score,train,1993-09-30,-0.029657105479720156,7310
temporal_tabular_small_random,prediction_temporal_tabular_classifier_score,train,1993-10-29,0.0881698559954941,7390
temporal_tabular_small_random,prediction_temporal_tabular_classifier_score,train,1993-11-30,0.1832756327504485,7494
temporal_tabular_small_random,prediction_temporal_tabular_classifier_score,train,1993-12-31,-0.03687231967820631,7588
temporal_tabular_small_random,prediction_temporal_tabular_classifier_score,train,1994-01-31,0.10944219439512638,7642
temporal_tabular_small_random,prediction_temporal_tabular_classifier_score,train,1994-02-28,0.10253368111957105,7712
temporal_tabular_small_random,prediction_temporal_tabular_classifier_score,train,1994-03-31,0.20752836971337138,7771
temporal_tabular_small_random,prediction_temporal_tabular_classifier_score,train,1994-04-29,0.12083180999498636,7819
temporal_tabular_small_random,prediction_temporal_tabular_classifier_score,train,1994-05-31,0.2286326730676016,7860
temporal_tabular_small_random,prediction_temporal_tabular_classifier_score,train,1994-06-30,0.06428049221775511,7919
temporal_tabular_small_random,prediction_temporal_tabular_classifier_score,train,1994-07-29,0.04922178353824112,7942
temporal_tabular_small_random,prediction_temporal_tabular_classifier_score,train,1994-08-31,0.010666649124992362,7966
temporal_tabular_small_random,prediction_temporal_tabular_classifier_score,train,1994-09-30,0.09290669995408374,7965
temporal_tabular_small_random,prediction_temporal_tabular_classifier_score,train,1994-10-31,0.11044842628189527,8013
temporal_tabular_small_random,prediction_temporal_tabular_classifier_score,train,1994-11-30,0.23218169034380218,8028
temporal_tabular_small_random,prediction_temporal_tabular_classifier_score,train,1994-12-30,-0.040451274034652596,8027
temporal_tabular_small_random,prediction_temporal_tabular_classifier_score,train,1995-01-31,0.09903307626201463,8011
temporal_tabular_small_random,prediction_temporal_tabular_classifier_score,train,1995-02-28,0.06364675008302133,8019
temporal_tabular_small_random,prediction_temporal_tabular_classifier_score,train,1995-03-31,0.060378090019625026,8025
temporal_tabular_small_random,prediction_temporal_tabular_classifier_score,train,1995-04-28,0.10438368527635948,8039
temporal_tabular_small_random,prediction_temporal_tabular_classifier_score,train,1995-05-31,-0.015505919784673843,8041
temporal_tabular_small_random,prediction_temporal_tabular_classifier_score,train,1995-06-30,0.01735478554322891,8065
temporal_tabular_small_random,prediction_temporal_tabular_classifier_score,train,1995-07-31,0.07198379400797905,8097
temporal_tabular_small_random,prediction_temporal_tabular_classifier_score,train,1995-08-31,0.07346413019525727,8125
temporal_tabular_small_random,prediction_temporal_tabular_classifier_score,train,1995-09-29,0.2680880334074049,8133
temporal_tabular_small_random,prediction_temporal_tabular_classifier_score,train,1995-10-31,0.17639605095483554,8169
temporal_tabular_small_random,prediction_temporal_tabular_classifier_score,train,1995-11-30,0.17810629536906467,8219
temporal_tabular_small_random,prediction_temporal_tabular_classifier_score,train,1995-12-29,-0.06018626355482203,8276
temporal_tabular_small_random,prediction_temporal_tabular_classifier_score,train,1996-01-31,0.0017376838552955246,8268
temporal_tabular_small_random,prediction_temporal_tabular_classifier_score,train,1996-02-29,0.0736726775858118,8299
temporal_tabular_small_random,prediction_temporal_tabular_classifier_score,train,1996-03-29,-0.11845901886486972,8366
temporal_tabular_small_random,prediction_temporal_tabular_classifier_score,train,1996-04-30,-0.10451295998652972,8407
temporal_tabular_small_random,prediction_temporal_tabular_classifier_score,train,1996-05-31,0.31210103118939436,8495
temporal_tabular_small_random,prediction_temporal_tabular_classifier_score,train,1996-06-28,0.3913143414582586,8559
temporal_tabular_small_random,prediction_temporal_tabular_classifier_score,train,1996-07-31,0.016070163137274537,8595
temporal_tabular_small_random,prediction_temporal_tabular_classifier_score,train,1996-08-30,0.09949247135226544,8642
temporal_tabular_small_random,prediction_temporal_tabular_classifier_score,train,1996-09-30,0.33301535443006064,8657
temporal_tabular_small_random,prediction_temporal_tabular_classifier_score,train,1996-10-31,0.21641521125859156,8737
temporal_tabular_small_random,prediction_temporal_tabular_classifier_score,train,1996-11-29,0.22912693411305057,8804
temporal_tabular_small_random,prediction_temporal_tabular_classifier_score,train,1996-12-31,-0.11576974945577734,8822
temporal_tabular_small_random,prediction_temporal_tabular_classifier_score,train,1997-01-31,0.24766557117909166,8818
temporal_tabular_small_random,prediction_temporal_tabular_classifier_score,train,1997-02-28,0.2834182682382102,8832
temporal_tabular_small_random,prediction_temporal_tabular_classifier_score,train,1997-03-31,0.2309455915088122,8835
temporal_tabular_small_random,prediction_temporal_tabular_classifier_score,train,1997-04-30,-0.05255824687968691,8844
temporal_tabular_small_random,prediction_temporal_tabular_classifier_score,train,1997-05-30,0.17389151804683112,8841
temporal_tabular_small_random,prediction_temporal_tabular_classifier_score,train,1997-06-30,0.132300386096876,8843
temporal_tabular_small_random,prediction_temporal_tabular_classifier_score,train,1997-07-31,-0.04554257996944219,8856
temporal_tabular_small_random,prediction_temporal_tabular_classifier_score,train,1997-08-29,0.045130563582065394,8855
temporal_tabular_small_random,prediction_temporal_tabular_classifier_score,train,1997-09-30,0.17506218104957902,8853
temporal_tabular_small_random,prediction_temporal_tabular_classifier_score,train,1997-10-31,0.32857135222342243,8883
temporal_tabular_small_random,prediction_temporal_tabular_classifier_score,train,1997-11-28,0.4415702269735198,8903
temporal_tabular_small_random,prediction_temporal_tabular_classifier_score,train,1997-12-31,-0.11399225841096407,8873
temporal_tabular_small_random,prediction_temporal_tabular_classifier_score,train,1998-01-30,0.041836905240426804,8855
temporal_tabular_small_random,prediction_temporal_tabular_classifier_score,train,1998-02-27,0.09258900127954377,8847
temporal_tabular_small_random,prediction_temporal_tabular_classifier_score,train,1998-03-31,0.027244345687771745,8830
temporal_tabular_small_random,prediction_temporal_tabular_classifier_score,train,1998-04-30,0.23165281510644184,8850
temporal_tabular_small_random,prediction_temporal_tabular_classifier_score,train,1998-05-29,0.2145539034089561,8836
temporal_tabular_small_random,prediction_temporal_tabular_classifier_score,train,1998-06-30,0.16233971218464713,8818
temporal_tabular_small_random,prediction_temporal_tabular_classifier_score,train,1998-07-31,0.3577930298968459,8804
temporal_tabular_small_random,prediction_temporal_tabular_classifier_score,train,1998-08-31,0.014310646256262596,8757
temporal_tabular_small_random,prediction_temporal_tabular_classifier_score,train,1998-09-30,0.007808990704158923,8647
temporal_tabular_small_random,prediction_temporal_tabular_classifier_score,train,1998-10-30,-0.010845648392647159,8582
temporal_tabular_small_random,prediction_temporal_tabular_classifier_score,train,1998-11-30,0.1573937418181676,8514
temporal_tabular_small_random,prediction_temporal_tabular_classifier_score,train,1998-12-31,-0.24031666144507907,8489
temporal_tabular_small_random,prediction_temporal_tabular_classifier_score,train,1999-01-29,0.16810231033071416,8445
temporal_tabular_small_random,prediction_temporal_tabular_classifier_score,train,1999-02-26,0.047932384583624345,8403
temporal_tabular_small_random,prediction_temporal_tabular_classifier_score,train,1999-03-31,-0.012790662136476262,8328
temporal_tabular_small_random,prediction_temporal_tabular_classifier_score,train,1999-04-30,0.019322754079291776,8305
temporal_tabular_small_random,prediction_temporal_tabular_classifier_score,train,1999-05-28,0.07876438392743147,8295
temporal_tabular_small_random,prediction_temporal_tabular_classifier_score,train,1999-06-30,0.02565539594973266,8281
temporal_tabular_small_random,prediction_temporal_tabular_classifier_score,train,1999-07-30,0.11461605037862625,8272
temporal_tabular_small_random,prediction_temporal_tabular_classifier_score,train,1999-08-31,0.006098248436134514,8237
temporal_tabular_small_random,prediction_temporal_tabular_classifier_score,train,1999-09-30,0.09768736131787534,8226
temporal_tabular_small_random,prediction_temporal_tabular_classifier_score,train,1999-10-29,-0.24410430651414392,8228
temporal_tabular_small_random,prediction_temporal_tabular_classifier_score,train,1999-11-30,-0.1332708406887014,8209
temporal_tabular_small_random,prediction_temporal_tabular_classifier_score,train,1999-12-31,-0.22145772914363826,8193
temporal_tabular_small_random,prediction_temporal_tabular_classifier_score,train,2000-01-31,-0.272626674515323,8154
temporal_tabular_small_random,prediction_temporal_tabular_classifier_score,train,2000-02-29,0.25891971265935027,8155
temporal_tabular_small_random,prediction_temporal_tabular_classifier_score,train,2000-03-31,0.5196626066925478,8148
temporal_tabular_small_random,prediction_temporal_tabular_classifier_score,train,2000-04-28,0.39898069291534943,8166
temporal_tabular_small_random,prediction_temporal_tabular_classifier_score,train,2000-05-31,-0.2214826883497364,8149
temporal_tabular_small_random,prediction_temporal_tabular_classifier_score,train,2000-06-30,0.29492897110830374,8163
temporal_tabular_small_random,prediction_temporal_tabular_classifier_score,train,2000-07-31,-0.014540461374038022,8180
temporal_tabular_small_random,prediction_temporal_tabular_classifier_score,train,2000-08-31,0.325876814626415,8192
temporal_tabular_small_random,prediction_temporal_tabular_classifier_score,train,2000-09-29,0.37713797306653896,8157
temporal_tabular_small_random,prediction_temporal_tabular_classifier_score,train,2000-10-31,0.5492234971080944,8107
temporal_tabular_small_random,prediction_temporal_tabular_classifier_score,train,2000-11-30,0.3496309911829138,8036
temporal_tabular_small_random,prediction_temporal_tabular_classifier_score,train,2000-12-29,-0.46293697533583206,7954
temporal_tabular_small_random,prediction_temporal_tabular_classifier_score,train,2001-01-31,0.495486902091067,7893
temporal_tabular_small_random,prediction_temporal_tabular_classifier_score,train,2001-02-28,0.378236965692012,7836
temporal_tabular_small_random,prediction_temporal_tabular_classifier_score,train,2001-03-30,-0.07540768466280463,7763
temporal_tabular_small_random,prediction_temporal_tabular_classifier_score,train,2001-04-30,0.03784705910134861,7679
temporal_tabular_small_random,prediction_temporal_tabular_classifier_score,train,2001-05-31,0.13794838346490051,7628
temporal_tabular_small_random,prediction_temporal_tabular_classifier_score,train,2001-06-29,0.30443487070667513,7575
temporal_tabular_small_random,prediction_temporal_tabular_classifier_score,train,2001-07-31,0.29940650816550896,7517
temporal_tabular_small_random,prediction_temporal_tabular_classifier_score,train,2001-08-31,0.38416330439972035,7461
temporal_tabular_small_random,prediction_temporal_tabular_classifier_score,train,2001-09-28,-0.18469296799101495,7426
temporal_tabular_small_random,prediction_temporal_tabular_classifier_score,train,2001-10-31,-0.13116106917422019,7375
temporal_tabular_small_random,prediction_temporal_tabular_classifier_score,train,2001-11-30,0.002111964229247023,7341
temporal_tabular_small_random,prediction_temporal_tabular_classifier_score,train,2001-12-31,0.12556587626392066,7300
temporal_tabular_small_random,prediction_temporal_tabular_classifier_score,train,2002-01-31,0.4216414217824346,7261
temporal_tabular_small_random,prediction_temporal_tabular_classifier_score,train,2002-02-28,-0.03751245320864132,7225
temporal_tabular_small_random,prediction_temporal_tabular_classifier_score,train,2002-03-28,0.3249419540490188,7168
temporal_tabular_small_random,prediction_temporal_tabular_classifier_score,train,2002-04-30,0.2431499502714767,7139
temporal_tabular_small_random,prediction_temporal_tabular_classifier_score,train,2002-05-31,0.3506338520491915,7119
temporal_tabular_small_random,prediction_temporal_tabular_classifier_score,train,2002-06-28,0.22804552107574155,7084
temporal_tabular_small_random,prediction_temporal_tabular_classifier_score,train,2002-07-31,0.1356210571329361,7030
temporal_tabular_small_random,prediction_temporal_tabular_classifier_score,train,2002-08-30,0.3336409444171828,7002
temporal_tabular_small_random,prediction_temporal_tabular_classifier_score,train,2002-09-30,-0.06375678734679366,6948
temporal_tabular_small_random,prediction_temporal_tabular_classifier_score,train,2002-10-31,-0.32017591551626196,6931
temporal_tabular_small_random,prediction_temporal_tabular_classifier_score,train,2002-11-29,0.37213891955860856,6927
temporal_tabular_small_random,prediction_temporal_tabular_classifier_score,train,2002-12-31,0.020577964537422153,6894
temporal_tabular_small_random,prediction_temporal_tabular_classifier_score,train,2003-01-31,0.17297561406296508,6847
temporal_tabular_small_random,prediction_temporal_tabular_classifier_score,train,2003-02-28,0.09512325582049913,6795
temporal_tabular_small_random,prediction_temporal_tabular_classifier_score,train,2003-03-31,-0.18671791219302505,6748
temporal_tabular_small_random,prediction_temporal_tabular_classifier_score,train,2003-04-30,-0.34650246720501693,6711
temporal_tabular_small_random,prediction_temporal_tabular_classifier_score,train,2003-05-30,-0.09363254816972834,6682
temporal_tabular_small_random,prediction_temporal_tabular_classifier_score,train,2003-06-30,-0.08720396540795447,6648
temporal_tabular_small_random,prediction_temporal_tabular_classifier_score,train,2003-07-31,-0.0820764272335331,6626
temporal_tabular_small_random,prediction_temporal_tabular_classifier_score,train,2003-08-29,-0.06480662513521974,6612
temporal_tabular_small_random,prediction_temporal_tabular_classifier_score,train,2003-09-30,-0.03409672008473731,6607
temporal_tabular_small_random,prediction_temporal_tabular_classifier_score,train,2003-10-31,0.08164403639308299,6596
temporal_tabular_small_random,prediction_temporal_tabular_classifier_score,train,2003-11-28,0.10548157177037248,6589
temporal_tabular_small_random,prediction_temporal_tabular_classifier_score,train,2003-12-31,-0.26249713177347045,6592
temporal_tabular_small_random,prediction_temporal_tabular_classifier_score,train,2004-01-30,0.194642049998722,6599
temporal_tabular_small_random,prediction_temporal_tabular_classifier_score,train,2004-02-27,0.15826926395260899,6599
temporal_tabular_small_random,prediction_temporal_tabular_classifier_score,train,2004-03-31,0.13255061454290928,6605
temporal_tabular_small_random,prediction_temporal_tabular_classifier_score,train,2004-04-30,0.08224699260990641,6593
temporal_tabular_small_random,prediction_temporal_tabular_classifier_score,train,2004-05-28,0.13286645609390071,6594
temporal_tabular_small_random,prediction_temporal_tabular_classifier_score,train,2004-06-30,0.3421927888332076,6592
temporal_tabular_small_random,prediction_temporal_tabular_classifier_score,train,2004-07-30,0.15443369224378842,6598
temporal_tabular_small_random,prediction_temporal_tabular_classifier_score,train,2004-08-31,0.0005158864977963197,6602
temporal_tabular_small_random,prediction_temporal_tabular_classifier_score,train,2004-09-30,0.0742777776285516,6607
temporal_tabular_small_random,prediction_temporal_tabular_classifier_score,train,2004-10-29,-0.07049339970387761,6620
temporal_tabular_small_random,prediction_temporal_tabular_classifier_score,train,2004-11-30,-0.13303081400713648,6615
temporal_tabular_small_random,prediction_temporal_tabular_classifier_score,train,2004-12-31,0.21163388847914583,6633
temporal_tabular_small_random,prediction_temporal_tabular_classifier_score,train,2005-01-31,0.12230160214562145,6623
temporal_tabular_small_random,prediction_temporal_tabular_classifier_score,train,2005-02-28,0.2007491158846251,6637
temporal_tabular_small_random,prediction_temporal_tabular_classifier_score,train,2005-03-31,0.22755913530124294,6636
temporal_tabular_small_random,prediction_temporal_tabular_classifier_score,train,2005-04-29,-0.030640547624166507,6628
temporal_tabular_small_random,prediction_temporal_tabular_classifier_score,train,2005-05-31,0.014044520538205225,6630
temporal_tabular_small_random,prediction_temporal_tabular_classifier_score,train,2005-06-30,-0.048391119190108974,6652
temporal_tabular_small_random,prediction_temporal_tabular_classifier_score,train,2005-07-29,0.0770517663408026,6640
temporal_tabular_small_random,prediction_temporal_tabular_classifier_score,train,2005-08-31,0.04583504072347354,6643
temporal_tabular_small_random,prediction_temporal_tabular_classifier_score,train,2005-09-30,0.1905049346975883,6636
temporal_tabular_small_random,prediction_temporal_tabular_classifier_score,train,2005-10-31,0.03228922637433253,6636
temporal_tabular_small_random,prediction_temporal_tabular_classifier_score,train,2005-11-30,0.007811380781397328,6647
temporal_tabular_small_random,prediction_temporal_tabular_classifier_score,train,2005-12-30,-0.15063337135385207,6647
temporal_tabular_small_random,prediction_temporal_tabular_classifier_score,train,2006-01-31,0.06243432911643869,6620
temporal_tabular_small_random,prediction_temporal_tabular_classifier_score,train,2006-02-28,-0.030863524110245368,6626
temporal_tabular_small_random,prediction_temporal_tabular_classifier_score,train,2006-03-31,0.0645438428254509,6633
temporal_tabular_small_random,prediction_temporal_tabular_classifier_score,train,2006-04-28,0.2616550358548804,6635
temporal_tabular_small_random,prediction_temporal_tabular_classifier_score,train,2006-05-31,0.17588709079126447,6653
temporal_tabular_small_random,prediction_temporal_tabular_classifier_score,train,2006-06-30,0.24394309840550304,6698
temporal_tabular_small_random,prediction_temporal_tabular_classifier_score,train,2006-07-31,0.0030586728607272765,6704
temporal_tabular_small_random,prediction_temporal_tabular_classifier_score,train,2006-08-31,0.0844194768342068,6698
temporal_tabular_small_random,prediction_temporal_tabular_classifier_score,train,2006-09-29,-0.03672688149073265,6722
temporal_tabular_small_random,prediction_temporal_tabular_classifier_score,train,2006-10-31,0.005335427769971567,6735
temporal_tabular_small_random,prediction_temporal_tabular_classifier_score,train,2006-11-30,0.08266710310491475,6748
temporal_tabular_small_random,prediction_temporal_tabular_classifier_score,train,2006-12-29,-0.012621442409327778,6739
temporal_tabular_small_random,prediction_temporal_tabular_classifier_score,train,2007-01-31,-0.0028544781150871066,6755
temporal_tabular_small_random,prediction_temporal_tabular_classifier_score,train,2007-02-28,0.09330966832690182,6797
temporal_tabular_small_random,prediction_temporal_tabular_classifier_score,train,2007-03-30,0.010014436682884759,6812
temporal_tabular_small_random,prediction_temporal_tabular_classifier_score,train,2007-04-30,0.138143443083825,6809
temporal_tabular_small_random,prediction_temporal_tabular_classifier_score,train,2007-05-31,0.03333588959593095,6839
temporal_tabular_small_random,prediction_temporal_tabular_classifier_score,train,2007-06-29,0.05287251896351555,6849
temporal_tabular_small_random,prediction_temporal_tabular_classifier_score,train,2007-07-31,0.18758496207994022,6854
temporal_tabular_small_random,prediction_temporal_tabular_classifier_score,train,2007-08-31,0.019655289981243412,6853
temporal_tabular_small_random,prediction_temporal_tabular_classifier_score,train,2007-09-28,0.09318474570743716,6844
temporal_tabular_small_random,prediction_temporal_tabular_classifier_score,train,2007-10-31,0.2762050296718739,6856
temporal_tabular_small_random,prediction_temporal_tabular_classifier_score,train,2007-11-30,0.07020783338996642,6884
temporal_tabular_small_random,prediction_temporal_tabular_classifier_score,train,2007-12-31,0.09532174742813103,6912
temporal_tabular_small_random,prediction_temporal_tabular_classifier_score,train,2008-01-31,0.08403923054212013,6906
temporal_tabular_small_random,prediction_temporal_tabular_classifier_score,train,2008-02-29,0.20911814318891647,6879
temporal_tabular_small_random,prediction_temporal_tabular_classifier_score,train,2008-03-31,0.07249353303391176,6867
temporal_tabular_small_random,prediction_temporal_tabular_classifier_score,train,2008-04-30,0.0033040288103316187,6840
temporal_tabular_small_random,prediction_temporal_tabular_classifier_score,train,2008-05-30,0.15198179275717072,6848
temporal_tabular_small_random,prediction_temporal_tabular_classifier_score,train,2008-06-30,0.07485825642310902,6830
temporal_tabular_small_random,prediction_temporal_tabular_classifier_score,train,2008-07-31,0.04261322069924025,6827
temporal_tabular_small_random,prediction_temporal_tabular_classifier_score,train,2008-08-29,0.23835227928155045,6785
temporal_tabular_small_random,prediction_temporal_tabular_classifier_score,train,2008-09-30,0.2686999640967072,6764
temporal_tabular_small_random,prediction_temporal_tabular_classifier_score,train,2008-10-31,0.2710869980506239,6719
temporal_tabular_small_random,prediction_temporal_tabular_classifier_score,train,2008-11-28,0.032613790312695304,6709
temporal_tabular_small_random,prediction_temporal_tabular_classifier_score,train,2008-12-31,-0.09210950001100136,6679
temporal_tabular_small_random,prediction_temporal_tabular_classifier_score,train,2009-01-30,0.18211354287104595,6650
temporal_tabular_small_random,prediction_temporal_tabular_classifier_score,train,2009-02-27,-0.15643009699655366,6606
temporal_tabular_small_random,prediction_temporal_tabular_classifier_score,train,2009-03-31,-0.31369280827938295,6554
temporal_tabular_small_random,prediction_temporal_tabular_classifier_score,train,2009-04-30,-0.1801471823306219,6538
temporal_tabular_small_random,prediction_temporal_tabular_classifier_score,train,2009-05-29,0.02672680259378121,6494
temporal_tabular_small_random,prediction_temporal_tabular_classifier_score,train,2009-06-30,-0.008171320946426237,6485
temporal_tabular_small_random,prediction_temporal_tabular_classifier_score,train,2009-07-31,-0.11056764294875203,6465
temporal_tabular_small_random,prediction_temporal_tabular_classifier_score,train,2009-08-31,-0.0946347380315314,6457
temporal_tabular_small_random,prediction_temporal_tabular_classifier_score,train,2009-09-30,0.2426776442526225,6453
temporal_tabular_small_random,prediction_temporal_tabular_classifier_score,train,2009-10-30,0.1577083432066242,6452
temporal_tabular_small_random,prediction_temporal_tabular_classifier_score,train,2009-11-30,-0.01841020616870101,6462
temporal_tabular_small_random,prediction_temporal_tabular_classifier_score,train,2009-12-31,-0.05507934756360867,6465
temporal_tabular_small_random,prediction_temporal_tabular_classifier_score,train,2010-01-29,0.06105149692240553,6467
temporal_tabular_small_random,prediction_temporal_tabular_classifier_score,train,2010-02-26,0.0042756006072572975,6468
temporal_tabular_small_random,prediction_temporal_tabular_classifier_score,train,2010-03-31,-0.1221151362848571,6468
temporal_tabular_small_random,prediction_temporal_tabular_classifier_score,train,2010-04-30,0.2224279640566388,6492
temporal_tabular_small_random,prediction_temporal_tabular_classifier_score,train,2010-05-28,0.29767346725956756,6469
temporal_tabular_small_random,prediction_temporal_tabular_classifier_score,train,2010-06-30,0.027976261652685144,6486
temporal_tabular_small_random,prediction_temporal_tabular_classifier_score,train,2010-07-30,0.22076333501865944,6501
temporal_tabular_small_random,prediction_temporal_tabular_classifier_score,train,2010-08-31,-0.08773132902628566,6501
temporal_tabular_small_random,prediction_temporal_tabular_classifier_score,train,2010-09-30,-0.003295844796270722,6500
temporal_tabular_small_random,prediction_temporal_tabular_classifier_score,train,2010-10-29,0.058821942523876965,6498
temporal_tabular_small_random,prediction_temporal_tabular_classifier_score,train,2010-11-30,-0.1070231533050051,6504
temporal_tabular_small_random,prediction_temporal_tabular_er_train_score,train,1989-12-29,-0.019830954043243466,6334
temporal_tabular_small_random,prediction_temporal_tabular_er_train_score,train,1990-01-31,0.07174669290072862,6342
temporal_tabular_small_random,prediction_temporal_tabular_er_train_score,train,1990-02-28,0.07851169736599416,6337
temporal_tabular_small_random,prediction_temporal_tabular_er_train_score,train,1990-03-30,0.062170638491538664,6347
temporal_tabular_small_random,prediction_temporal_tabular_er_train_score,train,1990-04-30,0.14641186387588734,6357
temporal_tabular_small_random,prediction_temporal_tabular_er_train_score,train,1990-05-31,0.09150232840975504,6352
temporal_tabular_small_random,prediction_temporal_tabular_er_train_score,train,1990-06-29,0.060385335069009075,6358
temporal_tabular_small_random,prediction_temporal_tabular_er_train_score,train,1990-07-31,0.0701568445065685,6367
temporal_tabular_small_random,prediction_temporal_tabular_er_train_score,train,1990-08-31,0.05840577374080291,6369
temporal_tabular_small_random,prediction_temporal_tabular_er_train_score,train,1990-09-28,0.12906426236030513,6354
temporal_tabular_small_random,prediction_temporal_tabular_er_train_score,train,1990-10-31,0.10117071297658127,6339
temporal_tabular_small_random,prediction_temporal_tabular_er_train_score,train,1990-11-30,0.20333266993991161,6322
temporal_tabular_small_random,prediction_temporal_tabular_er_train_score,train,1990-12-31,0.011031110176869583,6313
temporal_tabular_small_random,prediction_temporal_tabular_er_train_score,train,1991-01-31,0.016804933768332316,6304
temporal_tabular_small_random,prediction_temporal_tabular_er_train_score,train,1991-02-28,0.0831480745728892,6288
temporal_tabular_small_random,prediction_temporal_tabular_er_train_score,train,1991-03-28,0.021469936248852295,6282
temporal_tabular_small_random,prediction_temporal_tabular_er_train_score,train,1991-04-30,0.14133391524039574,6294
temporal_tabular_small_random,prediction_temporal_tabular_er_train_score,train,1991-05-31,-0.027579477007681662,6312
temporal_tabular_small_random,prediction_temporal_tabular_er_train_score,train,1991-06-28,0.10704884708702138,6342
temporal_tabular_small_random,prediction_temporal_tabular_er_train_score,train,1991-07-31,0.08352637337990364,6364
temporal_tabular_small_random,prediction_temporal_tabular_er_train_score,train,1991-08-30,0.0172985500131109,6391
temporal_tabular_small_random,prediction_temporal_tabular_er_train_score,train,1991-09-30,0.0677279638835891,6411
temporal_tabular_small_random,prediction_temporal_tabular_er_train_score,train,1991-10-31,-0.02986475414708081,6445
temporal_tabular_small_random,prediction_temporal_tabular_er_train_score,train,1991-11-29,0.24769824371046026,6479
temporal_tabular_small_random,prediction_temporal_tabular_er_train_score,train,1991-12-31,-0.13094269941764566,6495
temporal_tabular_small_random,prediction_temporal_tabular_er_train_score,train,1992-01-31,0.036364160704315154,6517
temporal_tabular_small_random,prediction_temporal_tabular_er_train_score,train,1992-02-28,0.1303955720210743,6546
temporal_tabular_small_random,prediction_temporal_tabular_er_train_score,train,1992-03-31,0.19284916487179724,6600
temporal_tabular_small_random,prediction_temporal_tabular_er_train_score,train,1992-04-30,0.08082751421031466,6613
temporal_tabular_small_random,prediction_temporal_tabular_er_train_score,train,1992-05-29,0.0723314414074731,6611
temporal_tabular_small_random,prediction_temporal_tabular_er_train_score,train,1992-06-30,0.09162004503533785,6607
temporal_tabular_small_random,prediction_temporal_tabular_er_train_score,train,1992-07-31,0.12043860477060137,6639
temporal_tabular_small_random,prediction_temporal_tabular_er_train_score,train,1992-08-31,0.11985160303402075,6654
temporal_tabular_small_random,prediction_temporal_tabular_er_train_score,train,1992-09-30,0.12558286948118658,6661
temporal_tabular_small_random,prediction_temporal_tabular_er_train_score,train,1992-10-30,0.09825194413601804,6706
temporal_tabular_small_random,prediction_temporal_tabular_er_train_score,train,1992-11-30,0.10779404304269208,6740
temporal_tabular_small_random,prediction_temporal_tabular_er_train_score,train,1992-12-31,-0.001279860425068408,6783
temporal_tabular_small_random,prediction_temporal_tabular_er_train_score,train,1993-01-29,0.0675493858462775,6812
temporal_tabular_small_random,prediction_temporal_tabular_er_train_score,train,1993-02-26,0.10679764738465344,6855
temporal_tabular_small_random,prediction_temporal_tabular_er_train_score,train,1993-03-31,-0.02041817794728624,6922
temporal_tabular_small_random,prediction_temporal_tabular_er_train_score,train,1993-04-30,0.017220007129023152,6978
temporal_tabular_small_random,prediction_temporal_tabular_er_train_score,train,1993-05-28,0.06904890556124922,7037
temporal_tabular_small_random,prediction_temporal_tabular_er_train_score,train,1993-06-30,0.09778922845282366,7118
temporal_tabular_small_random,prediction_temporal_tabular_er_train_score,train,1993-07-30,0.1029245857499716,7163
temporal_tabular_small_random,prediction_temporal_tabular_er_train_score,train,1993-08-31,0.10574449137249996,7228
temporal_tabular_small_random,prediction_temporal_tabular_er_train_score,train,1993-09-30,0.012199122211281272,7310
temporal_tabular_small_random,prediction_temporal_tabular_er_train_score,train,1993-10-29,0.08148857953309074,7390
temporal_tabular_small_random,prediction_temporal_tabular_er_train_score,train,1993-11-30,0.18187353948551252,7494
temporal_tabular_small_random,prediction_temporal_tabular_er_train_score,train,1993-12-31,-0.004283768310855948,7588
temporal_tabular_small_random,prediction_temporal_tabular_er_train_score,train,1994-01-31,0.12029584011818883,7642
temporal_tabular_small_random,prediction_temporal_tabular_er_train_score,train,1994-02-28,0.04039331566330772,7712
temporal_tabular_small_random,prediction_temporal_tabular_er_train_score,train,1994-03-31,0.18075807393853166,7771
temporal_tabular_small_random,prediction_temporal_tabular_er_train_score,train,1994-04-29,0.08964510055049994,7819
temporal_tabular_small_random,prediction_temporal_tabular_er_train_score,train,1994-05-31,0.16946286973489033,7860
temporal_tabular_small_random,prediction_temporal_tabular_er_train_score,train,1994-06-30,0.07104507341665955,7919
temporal_tabular_small_random,prediction_temporal_tabular_er_train_score,train,1994-07-29,0.08730106684000447,7942
temporal_tabular_small_random,prediction_temporal_tabular_er_train_score,train,1994-08-31,0.07755365199227351,7966
temporal_tabular_small_random,prediction_temporal_tabular_er_train_score,train,1994-09-30,0.11570958036862893,7965
temporal_tabular_small_random,prediction_temporal_tabular_er_train_score,train,1994-10-31,0.0476439733579711,8013
temporal_tabular_small_random,prediction_temporal_tabular_er_train_score,train,1994-11-30,0.17649307714804607,8028
temporal_tabular_small_random,prediction_temporal_tabular_er_train_score,train,1994-12-30,-0.10253157144347134,8027
temporal_tabular_small_random,prediction_temporal_tabular_er_train_score,train,1995-01-31,0.05985795399064253,8011
temporal_tabular_small_random,prediction_temporal_tabular_er_train_score,train,1995-02-28,0.08250762162867759,8019
temporal_tabular_small_random,prediction_temporal_tabular_er_train_score,train,1995-03-31,0.05850744198358053,8025
temporal_tabular_small_random,prediction_temporal_tabular_er_train_score,train,1995-04-28,0.03132037160194448,8039
temporal_tabular_small_random,prediction_temporal_tabular_er_train_score,train,1995-05-31,0.0653417693503587,8041
temporal_tabular_small_random,prediction_temporal_tabular_er_train_score,train,1995-06-30,0.08729756721251616,8065
temporal_tabular_small_random,prediction_temporal_tabular_er_train_score,train,1995-07-31,0.07482371595853037,8097
temporal_tabular_small_random,prediction_temporal_tabular_er_train_score,train,1995-08-31,0.04799230812207789,8125
temporal_tabular_small_random,prediction_temporal_tabular_er_train_score,train,1995-09-29,0.18257157058952522,8133
temporal_tabular_small_random,prediction_temporal_tabular_er_train_score,train,1995-10-31,0.1512693655035335,8169
temporal_tabular_small_random,prediction_temporal_tabular_er_train_score,train,1995-11-30,0.1348116478060974,8219
temporal_tabular_small_random,prediction_temporal_tabular_er_train_score,train,1995-12-29,-0.09951045444807313,8276
temporal_tabular_small_random,prediction_temporal_tabular_er_train_score,train,1996-01-31,0.03263251352019667,8268
temporal_tabular_small_random,prediction_temporal_tabular_er_train_score,train,1996-02-29,0.1049408403116312,8299
temporal_tabular_small_random,prediction_temporal_tabular_er_train_score,train,1996-03-29,-0.04507940259150816,8366
temporal_tabular_small_random,prediction_temporal_tabular_er_train_score,train,1996-04-30,-0.05798464697968958,8407
temporal_tabular_small_random,prediction_temporal_tabular_er_train_score,train,1996-05-31,0.2550847547098808,8495
temporal_tabular_small_random,prediction_temporal_tabular_er_train_score,train,1996-06-28,0.3327885110183698,8559
temporal_tabular_small_random,prediction_temporal_tabular_er_train_score,train,1996-07-31,0.03347107309115716,8595
temporal_tabular_small_random,prediction_temporal_tabular_er_train_score,train,1996-08-30,0.09052744105201248,8642
temporal_tabular_small_random,prediction_temporal_tabular_er_train_score,train,1996-09-30,0.2701216648196387,8657
temporal_tabular_small_random,prediction_temporal_tabular_er_train_score,train,1996-10-31,0.17969559434717075,8737
temporal_tabular_small_random,prediction_temporal_tabular_er_train_score,train,1996-11-29,0.20743245262614765,8804
temporal_tabular_small_random,prediction_temporal_tabular_er_train_score,train,1996-12-31,-0.09731878220537453,8822
temporal_tabular_small_random,prediction_temporal_tabular_er_train_score,train,1997-01-31,0.19221751517967994,8818
temporal_tabular_small_random,prediction_temporal_tabular_er_train_score,train,1997-02-28,0.2343882729624142,8832
temporal_tabular_small_random,prediction_temporal_tabular_er_train_score,train,1997-03-31,0.17874787521191457,8835
temporal_tabular_small_random,prediction_temporal_tabular_er_train_score,train,1997-04-30,0.03834105836274539,8844
temporal_tabular_small_random,prediction_temporal_tabular_er_train_score,train,1997-05-30,0.1682138297592519,8841
temporal_tabular_small_random,prediction_temporal_tabular_er_train_score,train,1997-06-30,0.13310704415137176,8843
temporal_tabular_small_random,prediction_temporal_tabular_er_train_score,train,1997-07-31,-0.006578421447700111,8856
temporal_tabular_small_random,prediction_temporal_tabular_er_train_score,train,1997-08-29,0.0756595070520917,8855
temporal_tabular_small_random,prediction_temporal_tabular_er_train_score,train,1997-09-30,0.1456017690772943,8853
temporal_tabular_small_random,prediction_temporal_tabular_er_train_score,train,1997-10-31,0.2821061699579217,8883
temporal_tabular_small_random,prediction_temporal_tabular_er_train_score,train,1997-11-28,0.3876396854892508,8903
temporal_tabular_small_random,prediction_temporal_tabular_er_train_score,train,1997-12-31,-0.1327120850048773,8873
temporal_tabular_small_random,prediction_temporal_tabular_er_train_score,train,1998-01-30,0.07557194969639468,8855
temporal_tabular_small_random,prediction_temporal_tabular_er_train_score,train,1998-02-27,0.11973507842768365,8847
temporal_tabular_small_random,prediction_temporal_tabular_er_train_score,train,1998-03-31,0.04221781069426982,8830
temporal_tabular_small_random,prediction_temporal_tabular_er_train_score,train,1998-04-30,0.18165562532171994,8850
temporal_tabular_small_random,prediction_temporal_tabular_er_train_score,train,1998-05-29,0.18845319912386055,8836
temporal_tabular_small_random,prediction_temporal_tabular_er_train_score,train,1998-06-30,0.1220240985434567,8818
temporal_tabular_small_random,prediction_temporal_tabular_er_train_score,train,1998-07-31,0.2740246236359415,8804
temporal_tabular_small_random,prediction_temporal_tabular_er_train_score,train,1998-08-31,0.005341311958718933,8757
temporal_tabular_small_random,prediction_temporal_tabular_er_train_score,train,1998-09-30,0.016296141441790504,8647
temporal_tabular_small_random,prediction_temporal_tabular_er_train_score,train,1998-10-30,0.027088802997323223,8582
temporal_tabular_small_random,prediction_temporal_tabular_er_train_score,train,1998-11-30,0.17245972356961078,8514
temporal_tabular_small_random,prediction_temporal_tabular_er_train_score,train,1998-12-31,-0.18963777794789397,8489
temporal_tabular_small_random,prediction_temporal_tabular_er_train_score,train,1999-01-29,0.06876116337196411,8445
temporal_tabular_small_random,prediction_temporal_tabular_er_train_score,train,1999-02-26,-0.0009740547498918885,8403
temporal_tabular_small_random,prediction_temporal_tabular_er_train_score,train,1999-03-31,0.02751640370230363,8328
temporal_tabular_small_random,prediction_temporal_tabular_er_train_score,train,1999-04-30,0.03776043059563076,8305
temporal_tabular_small_random,prediction_temporal_tabular_er_train_score,train,1999-05-28,0.11668766940554434,8295
temporal_tabular_small_random,prediction_temporal_tabular_er_train_score,train,1999-06-30,0.021757891356957812,8281
temporal_tabular_small_random,prediction_temporal_tabular_er_train_score,train,1999-07-30,0.05404505498613306,8272
temporal_tabular_small_random,prediction_temporal_tabular_er_train_score,train,1999-08-31,0.007303497354019442,8237
temporal_tabular_small_random,prediction_temporal_tabular_er_train_score,train,1999-09-30,0.08415490435123209,8226
temporal_tabular_small_random,prediction_temporal_tabular_er_train_score,train,1999-10-29,-0.18495110331886197,8228
temporal_tabular_small_random,prediction_temporal_tabular_er_train_score,train,1999-11-30,-0.0825592719544154,8209
temporal_tabular_small_random,prediction_temporal_tabular_er_train_score,train,1999-12-31,-0.20903672350063215,8193
temporal_tabular_small_random,prediction_temporal_tabular_er_train_score,train,2000-01-31,-0.13389003431966343,8154
temporal_tabular_small_random,prediction_temporal_tabular_er_train_score,train,2000-02-29,0.2573143483790296,8155
temporal_tabular_small_random,prediction_temporal_tabular_er_train_score,train,2000-03-31,0.457246761442896,8148
temporal_tabular_small_random,prediction_temporal_tabular_er_train_score,train,2000-04-28,0.37051501796465514,8166
temporal_tabular_small_random,prediction_temporal_tabular_er_train_score,train,2000-05-31,-0.2192029648194725,8149
temporal_tabular_small_random,prediction_temporal_tabular_er_train_score,train,2000-06-30,0.26514227347699326,8163
temporal_tabular_small_random,prediction_temporal_tabular_er_train_score,train,2000-07-31,-0.0015817633154019818,8180
temporal_tabular_small_random,prediction_temporal_tabular_er_train_score,train,2000-08-31,0.3009080849617676,8192
temporal_tabular_small_random,prediction_temporal_tabular_er_train_score,train,2000-09-29,0.35223213365550554,8157
temporal_tabular_small_random,prediction_temporal_tabular_er_train_score,train,2000-10-31,0.5025368121876467,8107
temporal_tabular_small_random,prediction_temporal_tabular_er_train_score,train,2000-11-30,0.3339989959698535,8036
temporal_tabular_small_random,prediction_temporal_tabular_er_train_score,train,2000-12-29,-0.44061353983040263,7954
temporal_tabular_small_random,prediction_temporal_tabular_er_train_score,train,2001-01-31,0.46298688517913283,7893
temporal_tabular_small_random,prediction_temporal_tabular_er_train_score,train,2001-02-28,0.33805802418627073,7836
temporal_tabular_small_random,prediction_temporal_tabular_er_train_score,train,2001-03-30,-0.033603064681142776,7763
temporal_tabular_small_random,prediction_temporal_tabular_er_train_score,train,2001-04-30,0.05693375363429058,7679
temporal_tabular_small_random,prediction_temporal_tabular_er_train_score,train,2001-05-31,0.12091546702693166,7628
temporal_tabular_small_random,prediction_temporal_tabular_er_train_score,train,2001-06-29,0.28866454201686054,7575
temporal_tabular_small_random,prediction_temporal_tabular_er_train_score,train,2001-07-31,0.2650026577906805,7517
temporal_tabular_small_random,prediction_temporal_tabular_er_train_score,train,2001-08-31,0.29982863632270457,7461
temporal_tabular_small_random,prediction_temporal_tabular_er_train_score,train,2001-09-28,-0.15450190396990598,7426
temporal_tabular_small_random,prediction_temporal_tabular_er_train_score,train,2001-10-31,-0.1013335116130508,7375
temporal_tabular_small_random,prediction_temporal_tabular_er_train_score,train,2001-11-30,0.05064123074135005,7341
temporal_tabular_small_random,prediction_temporal_tabular_er_train_score,train,2001-12-31,0.10379733622024695,7300
temporal_tabular_small_random,prediction_temporal_tabular_er_train_score,train,2002-01-31,0.3972210502389922,7261
temporal_tabular_small_random,prediction_temporal_tabular_er_train_score,train,2002-02-28,0.018046607976968505,7225
temporal_tabular_small_random,prediction_temporal_tabular_er_train_score,train,2002-03-28,0.3181763690825092,7168
temporal_tabular_small_random,prediction_temporal_tabular_er_train_score,train,2002-04-30,0.2044892363622851,7139
temporal_tabular_small_random,prediction_temporal_tabular_er_train_score,train,2002-05-31,0.32026566164708137,7119
temporal_tabular_small_random,prediction_temporal_tabular_er_train_score,train,2002-06-28,0.1481421374032886,7084
temporal_tabular_small_random,prediction_temporal_tabular_er_train_score,train,2002-07-31,0.12310865404375848,7030
temporal_tabular_small_random,prediction_temporal_tabular_er_train_score,train,2002-08-30,0.29413487182829257,7002
temporal_tabular_small_random,prediction_temporal_tabular_er_train_score,train,2002-09-30,-0.03642312600186918,6948
temporal_tabular_small_random,prediction_temporal_tabular_er_train_score,train,2002-10-31,-0.2976914149275104,6931
temporal_tabular_small_random,prediction_temporal_tabular_er_train_score,train,2002-11-29,0.2656514366928219,6927
temporal_tabular_small_random,prediction_temporal_tabular_er_train_score,train,2002-12-31,-0.011690079745683975,6894
temporal_tabular_small_random,prediction_temporal_tabular_er_train_score,train,2003-01-31,0.09667493055864,6847
temporal_tabular_small_random,prediction_temporal_tabular_er_train_score,train,2003-02-28,0.05662746156680436,6795
temporal_tabular_small_random,prediction_temporal_tabular_er_train_score,train,2003-03-31,-0.05607557202247031,6748
temporal_tabular_small_random,prediction_temporal_tabular_er_train_score,train,2003-04-30,-0.18113758730242874,6711
temporal_tabular_small_random,prediction_temporal_tabular_er_train_score,train,2003-05-30,-0.01633400194359527,6682
temporal_tabular_small_random,prediction_temporal_tabular_er_train_score,train,2003-06-30,0.08320705789665934,6648
temporal_tabular_small_random,prediction_temporal_tabular_er_train_score,train,2003-07-31,0.06772837853282392,6626
temporal_tabular_small_random,prediction_temporal_tabular_er_train_score,train,2003-08-29,-0.12641071594414438,6612
temporal_tabular_small_random,prediction_temporal_tabular_er_train_score,train,2003-09-30,0.13059842399800894,6607
temporal_tabular_small_random,prediction_temporal_tabular_er_train_score,train,2003-10-31,0.09678480430616009,6596
temporal_tabular_small_random,prediction_temporal_tabular_er_train_score,train,2003-11-28,0.048503543680279704,6589
temporal_tabular_small_random,prediction_temporal_tabular_er_train_score,train,2003-12-31,-0.20387170402279778,6592
temporal_tabular_small_random,prediction_temporal_tabular_er_train_score,train,2004-01-30,0.1787697253132234,6599
temporal_tabular_small_random,prediction_temporal_tabular_er_train_score,train,2004-02-27,0.13826774587469443,6599
temporal_tabular_small_random,prediction_temporal_tabular_er_train_score,train,2004-03-31,0.19289110460534953,6605
temporal_tabular_small_random,prediction_temporal_tabular_er_train_score,train,2004-04-30,0.07291093764421185,6593
temporal_tabular_small_random,prediction_temporal_tabular_er_train_score,train,2004-05-28,0.17569472479443765,6594
temporal_tabular_small_random,prediction_temporal_tabular_er_train_score,train,2004-06-30,0.22830803787187468,6592
temporal_tabular_small_random,prediction_temporal_tabular_er_train_score,train,2004-07-30,0.020607894959737753,6598
temporal_tabular_small_random,prediction_temporal_tabular_er_train_score,train,2004-08-31,0.0727891367706646,6602
temporal_tabular_small_random,prediction_temporal_tabular_er_train_score,train,2004-09-30,0.06021638396370837,6607
temporal_tabular_small_random,prediction_temporal_tabular_er_train_score,train,2004-10-29,0.04786108785338169,6620
temporal_tabular_small_random,prediction_temporal_tabular_er_train_score,train,2004-11-30,-0.07183389301375775,6615
temporal_tabular_small_random,prediction_temporal_tabular_er_train_score,train,2004-12-31,0.15701414591048068,6633
temporal_tabular_small_random,prediction_temporal_tabular_er_train_score,train,2005-01-31,0.13780762473096872,6623
temporal_tabular_small_random,prediction_temporal_tabular_er_train_score,train,2005-02-28,0.1745986853704839,6637
temporal_tabular_small_random,prediction_temporal_tabular_er_train_score,train,2005-03-31,0.05908602453126866,6636
temporal_tabular_small_random,prediction_temporal_tabular_er_train_score,train,2005-04-29,0.030689449996231324,6628
temporal_tabular_small_random,prediction_temporal_tabular_er_train_score,train,2005-05-31,0.05136788171637385,6630
temporal_tabular_small_random,prediction_temporal_tabular_er_train_score,train,2005-06-30,0.05507956395623056,6652
temporal_tabular_small_random,prediction_temporal_tabular_er_train_score,train,2005-07-29,0.047461316254416464,6640
temporal_tabular_small_random,prediction_temporal_tabular_er_train_score,train,2005-08-31,0.07674914343921403,6643
temporal_tabular_small_random,prediction_temporal_tabular_er_train_score,train,2005-09-30,0.1350574611146066,6636
temporal_tabular_small_random,prediction_temporal_tabular_er_train_score,train,2005-10-31,0.10722580334162829,6636
temporal_tabular_small_random,prediction_temporal_tabular_er_train_score,train,2005-11-30,0.010449030029553927,6647
temporal_tabular_small_random,prediction_temporal_tabular_er_train_score,train,2005-12-30,0.011536013373018116,6647
temporal_tabular_small_random,prediction_temporal_tabular_er_train_score,train,2006-01-31,-0.012736636228769234,6620
temporal_tabular_small_random,prediction_temporal_tabular_er_train_score,train,2006-02-28,0.05975424831493998,6626
temporal_tabular_small_random,prediction_temporal_tabular_er_train_score,train,2006-03-31,0.09482689892893727,6633
temporal_tabular_small_random,prediction_temporal_tabular_er_train_score,train,2006-04-28,0.15323161426842247,6635
temporal_tabular_small_random,prediction_temporal_tabular_er_train_score,train,2006-05-31,0.13541053336621262,6653
temporal_tabular_small_random,prediction_temporal_tabular_er_train_score,train,2006-06-30,0.09036342181947345,6698
temporal_tabular_small_random,prediction_temporal_tabular_er_train_score,train,2006-07-31,-0.04203671531195902,6704
temporal_tabular_small_random,prediction_temporal_tabular_er_train_score,train,2006-08-31,0.042047428005752695,6698
temporal_tabular_small_random,prediction_temporal_tabular_er_train_score,train,2006-09-29,0.0635918099581296,6722
temporal_tabular_small_random,prediction_temporal_tabular_er_train_score,train,2006-10-31,0.023709469526352233,6735
temporal_tabular_small_random,prediction_temporal_tabular_er_train_score,train,2006-11-30,0.034031214972933314,6748
temporal_tabular_small_random,prediction_temporal_tabular_er_train_score,train,2006-12-29,0.025544688218364378,6739
temporal_tabular_small_random,prediction_temporal_tabular_er_train_score,train,2007-01-31,0.00023950084298145989,6755
temporal_tabular_small_random,prediction_temporal_tabular_er_train_score,train,2007-02-28,0.07593229582231883,6797
temporal_tabular_small_random,prediction_temporal_tabular_er_train_score,train,2007-03-30,0.03648504634478724,6812
temporal_tabular_small_random,prediction_temporal_tabular_er_train_score,train,2007-04-30,0.18021226234394463,6809
temporal_tabular_small_random,prediction_temporal_tabular_er_train_score,train,2007-05-31,0.12437453434484741,6839
temporal_tabular_small_random,prediction_temporal_tabular_er_train_score,train,2007-06-29,0.03218534345462095,6849
temporal_tabular_small_random,prediction_temporal_tabular_er_train_score,train,2007-07-31,0.03222949297399377,6854
temporal_tabular_small_random,prediction_temporal_tabular_er_train_score,train,2007-08-31,0.022803476095517885,6853
temporal_tabular_small_random,prediction_temporal_tabular_er_train_score,train,2007-09-28,0.1210453780742818,6844
temporal_tabular_small_random,prediction_temporal_tabular_er_train_score,train,2007-10-31,0.14378216670757313,6856
temporal_tabular_small_random,prediction_temporal_tabular_er_train_score,train,2007-11-30,0.0650613081307008,6884
temporal_tabular_small_random,prediction_temporal_tabular_er_train_score,train,2007-12-31,-0.03757090038153762,6912
temporal_tabular_small_random,prediction_temporal_tabular_er_train_score,train,2008-01-31,0.10476327172201894,6906
temporal_tabular_small_random,prediction_temporal_tabular_er_train_score,train,2008-02-29,0.13655918802426942,6879
temporal_tabular_small_random,prediction_temporal_tabular_er_train_score,train,2008-03-31,0.029735430220841654,6867
temporal_tabular_small_random,prediction_temporal_tabular_er_train_score,train,2008-04-30,0.03791658108049832,6840
temporal_tabular_small_random,prediction_temporal_tabular_er_train_score,train,2008-05-30,0.061220139369569056,6848
temporal_tabular_small_random,prediction_temporal_tabular_er_train_score,train,2008-06-30,0.06030311068227551,6830
temporal_tabular_small_random,prediction_temporal_tabular_er_train_score,train,2008-07-31,0.05159827126652198,6827
temporal_tabular_small_random,prediction_temporal_tabular_er_train_score,train,2008-08-29,0.24148317190191562,6785
temporal_tabular_small_random,prediction_temporal_tabular_er_train_score,train,2008-09-30,0.126240763858957,6764
temporal_tabular_small_random,prediction_temporal_tabular_er_train_score,train,2008-10-31,0.15792168647603363,6719
temporal_tabular_small_random,prediction_temporal_tabular_er_train_score,train,2008-11-28,-0.0028809995034609773,6709
temporal_tabular_small_random,prediction_temporal_tabular_er_train_score,train,2008-12-31,-0.19430065386797646,6679
temporal_tabular_small_random,prediction_temporal_tabular_er_train_score,train,2009-01-30,0.044060183288939625,6650
temporal_tabular_small_random,prediction_temporal_tabular_er_train_score,train,2009-02-27,0.0006511012814334586,6606
temporal_tabular_small_random,prediction_temporal_tabular_er_train_score,train,2009-03-31,-0.06426266247240715,6554
temporal_tabular_small_random,prediction_temporal_tabular_er_train_score,train,2009-04-30,-0.08417438799543765,6538
temporal_tabular_small_random,prediction_temporal_tabular_er_train_score,train,2009-05-29,0.022000288258349442,6494
temporal_tabular_small_random,prediction_temporal_tabular_er_train_score,train,2009-06-30,0.04323558325323209,6485
temporal_tabular_small_random,prediction_temporal_tabular_er_train_score,train,2009-07-31,-0.11789148764076274,6465
temporal_tabular_small_random,prediction_temporal_tabular_er_train_score,train,2009-08-31,-0.020147516855600036,6457
temporal_tabular_small_random,prediction_temporal_tabular_er_train_score,train,2009-09-30,0.0590251835779329,6453
temporal_tabular_small_random,prediction_temporal_tabular_er_train_score,train,2009-10-30,0.07868000804954775,6452
temporal_tabular_small_random,prediction_temporal_tabular_er_train_score,train,2009-11-30,0.07840485061897293,6462
temporal_tabular_small_random,prediction_temporal_tabular_er_train_score,train,2009-12-31,-0.08970995526882278,6465
temporal_tabular_small_random,prediction_temporal_tabular_er_train_score,train,2010-01-29,0.12258601989328159,6467
temporal_tabular_small_random,prediction_temporal_tabular_er_train_score,train,2010-02-26,0.09557344159010028,6468
temporal_tabular_small_random,prediction_temporal_tabular_er_train_score,train,2010-03-31,0.017097269447794106,6468
temporal_tabular_small_random,prediction_temporal_tabular_er_train_score,train,2010-04-30,0.10621272555901606,6492
temporal_tabular_small_random,prediction_temporal_tabular_er_train_score,train,2010-05-28,0.15739584805109494,6469
temporal_tabular_small_random,prediction_temporal_tabular_er_train_score,train,2010-06-30,0.026751141415801177,6486
temporal_tabular_small_random,prediction_temporal_tabular_er_train_score,train,2010-07-30,0.03511414972609327,6501
temporal_tabular_small_random,prediction_temporal_tabular_er_train_score,train,2010-08-31,0.08881152193004431,6501
temporal_tabular_small_random,prediction_temporal_tabular_er_train_score,train,2010-09-30,0.07973286555527716,6500
temporal_tabular_small_random,prediction_temporal_tabular_er_train_score,train,2010-10-29,0.18469673026425873,6498
temporal_tabular_small_random,prediction_temporal_tabular_er_train_score,train,2010-11-30,0.03672485797220754,6504
temporal_tabular_small_random,prediction_temporal_tabular_classifier_score,validation,2010-12-31,0.012123846482144932,6508
temporal_tabular_small_random,prediction_temporal_tabular_classifier_score,validation,2011-01-31,0.07673626087088785,6534
temporal_tabular_small_random,prediction_temporal_tabular_classifier_score,validation,2011-02-28,0.15304636849274286,6533
temporal_tabular_small_random,prediction_temporal_tabular_classifier_score,validation,2011-03-31,0.1347997133412839,6542
temporal_tabular_small_random,prediction_temporal_tabular_classifier_score,validation,2011-04-29,0.143044935061647,6561
temporal_tabular_small_random,prediction_temporal_tabular_classifier_score,validation,2011-05-31,0.1949429714089063,6593
temporal_tabular_small_random,prediction_temporal_tabular_classifier_score,validation,2011-06-30,0.0028320536133292188,6612
temporal_tabular_small_random,prediction_temporal_tabular_classifier_score,validation,2011-07-29,0.22033956362586343,6621
temporal_tabular_small_random,prediction_temporal_tabular_classifier_score,validation,2011-08-31,0.22013024425847408,6621
temporal_tabular_small_random,prediction_temporal_tabular_classifier_score,validation,2011-09-30,-0.022339647914802994,6627
temporal_tabular_small_random,prediction_temporal_tabular_classifier_score,validation,2011-10-31,0.27526436371161067,6612
temporal_tabular_small_random,prediction_temporal_tabular_classifier_score,validation,2011-11-30,0.19688199072064605,6610
temporal_tabular_small_random,prediction_temporal_tabular_classifier_score,validation,2011-12-30,-0.25916167440315224,6604
temporal_tabular_small_random,prediction_temporal_tabular_classifier_score,validation,2012-01-31,-0.02805713037346142,6625
temporal_tabular_small_random,prediction_temporal_tabular_classifier_score,validation,2012-02-29,0.09958527474591532,6651
temporal_tabular_small_random,prediction_temporal_tabular_classifier_score,validation,2012-03-30,0.18169486231014306,6663
temporal_tabular_small_random,prediction_temporal_tabular_classifier_score,validation,2012-04-30,0.17158147980184268,6681
temporal_tabular_small_random,prediction_temporal_tabular_classifier_score,validation,2012-05-31,0.050052816943987735,6689
temporal_tabular_small_random,prediction_temporal_tabular_classifier_score,validation,2012-06-29,0.14881834481491982,6667
temporal_tabular_small_random,prediction_temporal_tabular_classifier_score,validation,2012-07-31,0.015391532303421376,6669
temporal_tabular_small_random,prediction_temporal_tabular_classifier_score,validation,2012-08-31,-0.004931264027814621,6638
temporal_tabular_small_random,prediction_temporal_tabular_classifier_score,validation,2012-09-28,0.16755413912088665,6610
temporal_tabular_small_random,prediction_temporal_tabular_classifier_score,validation,2012-10-31,0.09292791412494539,6592
temporal_tabular_small_random,prediction_temporal_tabular_classifier_score,validation,2012-11-30,0.027446536314297658,6587
temporal_tabular_small_random,prediction_temporal_tabular_classifier_score,validation,2012-12-31,0.038090619816774626,6581
temporal_tabular_small_random,prediction_temporal_tabular_classifier_score,validation,2013-01-31,0.1530329953617022,6571
temporal_tabular_small_random,prediction_temporal_tabular_classifier_score,validation,2013-02-28,0.12094886650333171,6574
temporal_tabular_small_random,prediction_temporal_tabular_classifier_score,validation,2013-03-28,0.07128710518519686,6551
temporal_tabular_small_random,prediction_temporal_tabular_classifier_score,validation,2013-04-30,-0.0019039821836093474,6563
temporal_tabular_small_random,prediction_temporal_tabular_classifier_score,validation,2013-05-31,0.13417714391858393,6583
temporal_tabular_small_random,prediction_temporal_tabular_classifier_score,validation,2013-06-28,0.01628337530433974,6602
temporal_tabular_small_random,prediction_temporal_tabular_classifier_score,validation,2013-07-31,-0.06928464840047079,6626
temporal_tabular_small_random,prediction_temporal_tabular_classifier_score,validation,2013-08-30,0.059083840223878185,6645
temporal_tabular_small_random,prediction_temporal_tabular_classifier_score,validation,2013-09-30,0.1766541220762776,6657
temporal_tabular_small_random,prediction_temporal_tabular_classifier_score,validation,2013-10-31,0.10268592362435248,6688
temporal_tabular_small_random,prediction_temporal_tabular_classifier_score,validation,2013-11-29,0.023803119414101532,6714
temporal_tabular_small_random,prediction_temporal_tabular_classifier_score,validation,2013-12-31,-0.18136688523884437,6716
temporal_tabular_small_random,prediction_temporal_tabular_classifier_score,validation,2014-01-31,-0.011864509723605181,6746
temporal_tabular_small_random,prediction_temporal_tabular_classifier_score,validation,2014-02-28,0.17918712567020745,6767
temporal_tabular_small_random,prediction_temporal_tabular_classifier_score,validation,2014-03-31,0.23061784732228896,6793
temporal_tabular_small_random,prediction_temporal_tabular_classifier_score,validation,2014-04-30,0.1308641066402223,6815
temporal_tabular_small_random,prediction_temporal_tabular_classifier_score,validation,2014-05-30,-0.03685115428574001,6849
temporal_tabular_small_random,prediction_temporal_tabular_classifier_score,validation,2014-06-30,0.1091961726034528,6886
temporal_tabular_small_random,prediction_temporal_tabular_classifier_score,validation,2014-07-31,0.11357509779952847,6922
temporal_tabular_small_random,prediction_temporal_tabular_classifier_score,validation,2014-08-29,0.11986190717472162,6946
temporal_tabular_small_random,prediction_temporal_tabular_classifier_score,validation,2014-09-30,0.23922575284184006,6951
temporal_tabular_small_random,prediction_temporal_tabular_classifier_score,validation,2014-10-31,0.1493456062223487,6977
temporal_tabular_small_random,prediction_temporal_tabular_classifier_score,validation,2014-11-28,0.15778093066979462,7001
temporal_tabular_small_random,prediction_temporal_tabular_classifier_score,validation,2014-12-31,0.039448283061774884,6993
temporal_tabular_small_random,prediction_temporal_tabular_classifier_score,validation,2015-01-30,-0.05293771134664226,6981
temporal_tabular_small_random,prediction_temporal_tabular_classifier_score,validation,2015-02-27,0.21581031680528392,6995
temporal_tabular_small_random,prediction_temporal_tabular_classifier_score,validation,2015-03-31,-0.1490514718985584,7000
temporal_tabular_small_random,prediction_temporal_tabular_classifier_score,validation,2015-04-30,0.1042461775429306,7028
temporal_tabular_small_random,prediction_temporal_tabular_classifier_score,validation,2015-05-29,0.1359728106635108,7048
temporal_tabular_small_random,prediction_temporal_tabular_classifier_score,validation,2015-06-30,0.27672106209298586,7085
temporal_tabular_small_random,prediction_temporal_tabular_classifier_score,validation,2015-07-31,0.10460860314534554,7140
temporal_tabular_small_random,prediction_temporal_tabular_classifier_score,validation,2015-08-31,0.31387908544808646,7146
temporal_tabular_small_random,prediction_temporal_tabular_classifier_score,validation,2015-09-30,0.014277349552440324,7146
temporal_tabular_small_random,prediction_temporal_tabular_classifier_score,validation,2015-10-30,0.12430069941005983,7151
temporal_tabular_small_random,prediction_temporal_tabular_classifier_score,validation,2015-11-30,0.16552407466488903,7177
temporal_tabular_small_random,prediction_temporal_tabular_er_train_score,validation,2010-12-31,-0.001586436483955309,6508
temporal_tabular_small_random,prediction_temporal_tabular_er_train_score,validation,2011-01-31,0.11273833388830266,6534
temporal_tabular_small_random,prediction_temporal_tabular_er_train_score,validation,2011-02-28,0.12318555290963328,6533
temporal_tabular_small_random,prediction_temporal_tabular_er_train_score,validation,2011-03-31,0.054275306899567874,6542
temporal_tabular_small_random,prediction_temporal_tabular_er_train_score,validation,2011-04-29,-0.009423874878840758,6561
temporal_tabular_small_random,prediction_temporal_tabular_er_train_score,validation,2011-05-31,0.08292677731251491,6593
temporal_tabular_small_random,prediction_temporal_tabular_er_train_score,validation,2011-06-30,-0.0342918086572108,6612
temporal_tabular_small_random,prediction_temporal_tabular_er_train_score,validation,2011-07-29,-0.0014259899107277878,6621
temporal_tabular_small_random,prediction_temporal_tabular_er_train_score,validation,2011-08-31,0.025805857056567832,6621
temporal_tabular_small_random,prediction_temporal_tabular_er_train_score,validation,2011-09-30,0.10757405777194687,6627
temporal_tabular_small_random,prediction_temporal_tabular_er_train_score,validation,2011-10-31,0.18431812069902806,6612
temporal_tabular_small_random,prediction_temporal_tabular_er_train_score,validation,2011-11-30,0.061976510448582246,6610
temporal_tabular_small_random,prediction_temporal_tabular_er_train_score,validation,2011-12-30,-0.032283249773785494,6604
temporal_tabular_small_random,prediction_temporal_tabular_er_train_score,validation,2012-01-31,0.013698645836296434,6625
temporal_tabular_small_random,prediction_temporal_tabular_er_train_score,validation,2012-02-29,0.12445453643597977,6651
temporal_tabular_small_random,prediction_temporal_tabular_er_train_score,validation,2012-03-30,-0.006215133662809379,6663
temporal_tabular_small_random,prediction_temporal_tabular_er_train_score,validation,2012-04-30,-0.0844570365633261,6681
temporal_tabular_small_random,prediction_temporal_tabular_er_train_score,validation,2012-05-31,0.029019782698919687,6689
temporal_tabular_small_random,prediction_temporal_tabular_er_train_score,validation,2012-06-29,-0.04910252002488843,6667
temporal_tabular_small_random,prediction_temporal_tabular_er_train_score,validation,2012-07-31,0.06936927303164918,6669
temporal_tabular_small_random,prediction_temporal_tabular_er_train_score,validation,2012-08-31,0.043302688704333896,6638
temporal_tabular_small_random,prediction_temporal_tabular_er_train_score,validation,2012-09-28,-0.005974212354181796,6610
temporal_tabular_small_random,prediction_temporal_tabular_er_train_score,validation,2012-10-31,0.020285242041131166,6592
temporal_tabular_small_random,prediction_temporal_tabular_er_train_score,validation,2012-11-30,0.10076185533709692,6587
temporal_tabular_small_random,prediction_temporal_tabular_er_train_score,validation,2012-12-31,0.11016395085734752,6581
temporal_tabular_small_random,prediction_temporal_tabular_er_train_score,validation,2013-01-31,0.08333450945028217,6571
temporal_tabular_small_random,prediction_temporal_tabular_er_train_score,validation,2013-02-28,0.14559085740992417,6574
temporal_tabular_small_random,prediction_temporal_tabular_er_train_score,validation,2013-03-28,-0.06892920137921421,6551
temporal_tabular_small_random,prediction_temporal_tabular_er_train_score,validation,2013-04-30,0.21199773384920906,6563
temporal_tabular_small_random,prediction_temporal_tabular_er_train_score,validation,2013-05-31,0.15708458647946874,6583
temporal_tabular_small_random,prediction_temporal_tabular_er_train_score,validation,2013-06-28,0.13902144614193862,6602
temporal_tabular_small_random,prediction_temporal_tabular_er_train_score,validation,2013-07-31,-0.02501717559905054,6626
temporal_tabular_small_random,prediction_temporal_tabular_er_train_score,validation,2013-08-30,0.10536687276277441,6645
temporal_tabular_small_random,prediction_temporal_tabular_er_train_score,validation,2013-09-30,0.11132574386182793,6657
temporal_tabular_small_random,prediction_temporal_tabular_er_train_score,validation,2013-10-31,0.17297746858635576,6688
temporal_tabular_small_random,prediction_temporal_tabular_er_train_score,validation,2013-11-29,0.032801942585081754,6714
temporal_tabular_small_random,prediction_temporal_tabular_er_train_score,validation,2013-12-31,-0.19926787483515462,6716
temporal_tabular_small_random,prediction_temporal_tabular_er_train_score,validation,2014-01-31,0.0010867044976021728,6746
temporal_tabular_small_random,prediction_temporal_tabular_er_train_score,validation,2014-02-28,0.12557112209217058,6767
temporal_tabular_small_random,prediction_temporal_tabular_er_train_score,validation,2014-03-31,0.086021134744122,6793
temporal_tabular_small_random,prediction_temporal_tabular_er_train_score,validation,2014-04-30,0.05942197723429136,6815
temporal_tabular_small_random,prediction_temporal_tabular_er_train_score,validation,2014-05-30,0.03332090814118868,6849
temporal_tabular_small_random,prediction_temporal_tabular_er_train_score,validation,2014-06-30,-0.029622219138460085,6886
temporal_tabular_small_random,prediction_temporal_tabular_er_train_score,validation,2014-07-31,0.1279100266510674,6922
temporal_tabular_small_random,prediction_temporal_tabular_er_train_score,validation,2014-08-29,-0.016708759052410493,6946
temporal_tabular_small_random,prediction_temporal_tabular_er_train_score,validation,2014-09-30,0.17592676103377403,6951
temporal_tabular_small_random,prediction_temporal_tabular_er_train_score,validation,2014-10-31,0.05714902058334266,6977
temporal_tabular_small_random,prediction_temporal_tabular_er_train_score,validation,2014-11-28,0.1892493987826017,7001
temporal_tabular_small_random,prediction_temporal_tabular_er_train_score,validation,2014-12-31,-0.06332699478482537,6993
temporal_tabular_small_random,prediction_temporal_tabular_er_train_score,validation,2015-01-30,0.01238497395726606,6981
temporal_tabular_small_random,prediction_temporal_tabular_er_train_score,validation,2015-02-27,0.19387411163125273,6995
temporal_tabular_small_random,prediction_temporal_tabular_er_train_score,validation,2015-03-31,-0.16979007417648093,7000
temporal_tabular_small_random,prediction_temporal_tabular_er_train_score,validation,2015-04-30,0.10021021632246496,7028
temporal_tabular_small_random,prediction_temporal_tabular_er_train_score,validation,2015-05-29,0.1477786034180159,7048
temporal_tabular_small_random,prediction_temporal_tabular_er_train_score,validation,2015-06-30,0.1222633344305225,7085
temporal_tabular_small_random,prediction_temporal_tabular_er_train_score,validation,2015-07-31,0.05692202805194907,7140
temporal_tabular_small_random,prediction_temporal_tabular_er_train_score,validation,2015-08-31,0.1844527059643359,7146
temporal_tabular_small_random,prediction_temporal_tabular_er_train_score,validation,2015-09-30,0.04001656759020143,7146
temporal_tabular_small_random,prediction_temporal_tabular_er_train_score,validation,2015-10-30,0.13980994101884875,7151
temporal_tabular_small_random,prediction_temporal_tabular_er_train_score,validation,2015-11-30,0.019031236187114924,7177
temporal_tabular_small_random,prediction_temporal_tabular_classifier_score,test,2015-12-31,0.32248123873201084,7175
temporal_tabular_small_random,prediction_temporal_tabular_classifier_score,test,2016-01-29,0.05819609696235686,7146
temporal_tabular_small_random,prediction_temporal_tabular_classifier_score,test,2016-02-29,-0.07409198679999714,7134
temporal_tabular_small_random,prediction_temporal_tabular_classifier_score,test,2016-03-31,-0.15779940910646342,7115
temporal_tabular_small_random,prediction_temporal_tabular_classifier_score,test,2016-04-29,0.1525595522381241,7106
temporal_tabular_small_random,prediction_temporal_tabular_classifier_score,test,2016-05-31,0.09223525264610165,7115
temporal_tabular_small_random,prediction_temporal_tabular_classifier_score,test,2016-06-30,-0.028809544389590085,7119
temporal_tabular_small_random,prediction_temporal_tabular_classifier_score,test,2016-07-29,0.02615293939131455,7119
temporal_tabular_small_random,prediction_temporal_tabular_classifier_score,test,2016-08-31,-0.05680215671052204,7082
temporal_tabular_small_random,prediction_temporal_tabular_classifier_score,test,2016-09-30,0.2529990000972621,7090
temporal_tabular_small_random,prediction_temporal_tabular_classifier_score,test,2016-10-31,0.12872925986134898,7107
temporal_tabular_small_random,prediction_temporal_tabular_classifier_score,test,2016-11-30,0.23712267221203923,7096
temporal_tabular_small_random,prediction_temporal_tabular_classifier_score,test,2016-12-30,-0.08357049600135448,7108
temporal_tabular_small_random,prediction_temporal_tabular_classifier_score,test,2017-01-31,0.08778077584303305,7126
temporal_tabular_small_random,prediction_temporal_tabular_classifier_score,test,2017-02-28,0.02729729954552925,7109
temporal_tabular_small_random,prediction_temporal_tabular_classifier_score,test,2017-03-31,0.16129653115639042,7110
temporal_tabular_small_random,prediction_temporal_tabular_classifier_score,test,2017-04-28,0.10480190866448813,7129
temporal_tabular_small_random,prediction_temporal_tabular_classifier_score,test,2017-05-31,0.04636977679634218,7144
temporal_tabular_small_random,prediction_temporal_tabular_classifier_score,test,2017-06-30,0.09125188344349933,7146
temporal_tabular_small_random,prediction_temporal_tabular_classifier_score,test,2017-07-31,0.052286545681031436,7157
temporal_tabular_small_random,prediction_temporal_tabular_classifier_score,test,2017-08-31,0.03942457317676355,7132
temporal_tabular_small_random,prediction_temporal_tabular_classifier_score,test,2017-09-29,0.17932593497572605,7116
temporal_tabular_small_random,prediction_temporal_tabular_classifier_score,test,2017-10-31,0.0859656835070335,7152
temporal_tabular_small_random,prediction_temporal_tabular_classifier_score,test,2017-11-30,-0.01605380376839155,7206
temporal_tabular_small_random,prediction_temporal_tabular_classifier_score,test,2017-12-29,0.04814822122739006,7205
temporal_tabular_small_random,prediction_temporal_tabular_classifier_score,test,2018-01-31,-0.008777370256262088,7242
temporal_tabular_small_random,prediction_temporal_tabular_classifier_score,test,2018-02-28,0.10756090327610374,7264
temporal_tabular_small_random,prediction_temporal_tabular_classifier_score,test,2018-03-29,0.02040788415009247,7211
temporal_tabular_small_random,prediction_temporal_tabular_classifier_score,test,2018-04-30,0.024547585563960368,7258
temporal_tabular_small_random,prediction_temporal_tabular_classifier_score,test,2018-05-31,0.08022848800645556,7270
temporal_tabular_small_random,prediction_temporal_tabular_classifier_score,test,2018-06-29,0.16605031284585145,7322
temporal_tabular_small_random,prediction_temporal_tabular_classifier_score,test,2018-07-31,0.010073505475732466,7355
temporal_tabular_small_random,prediction_temporal_tabular_classifier_score,test,2018-08-31,0.042561929150245204,7344
temporal_tabular_small_random,prediction_temporal_tabular_classifier_score,test,2018-09-28,0.12075211877876017,7373
temporal_tabular_small_random,prediction_temporal_tabular_classifier_score,test,2018-10-31,0.16299387953847141,7413
temporal_tabular_small_random,prediction_temporal_tabular_classifier_score,test,2018-11-30,0.16633367551948383,7412
temporal_tabular_small_random,prediction_temporal_tabular_classifier_score,test,2018-12-31,-0.183499014398009,7407
temporal_tabular_small_random,prediction_temporal_tabular_classifier_score,test,2019-01-31,-0.017214557619641007,7408
temporal_tabular_small_random,prediction_temporal_tabular_classifier_score,test,2019-02-28,0.04474338979848813,7390
temporal_tabular_small_random,prediction_temporal_tabular_classifier_score,test,2019-03-29,0.14390941572580682,7390
temporal_tabular_small_random,prediction_temporal_tabular_classifier_score,test,2019-04-30,0.16183621069539153,7396
temporal_tabular_small_random,prediction_temporal_tabular_classifier_score,test,2019-05-31,0.1101313882393432,7458
temporal_tabular_small_random,prediction_temporal_tabular_classifier_score,test,2019-06-28,0.17812535825843473,7471
temporal_tabular_small_random,prediction_temporal_tabular_classifier_score,test,2019-07-31,0.13536848047603608,7494
temporal_tabular_small_random,prediction_temporal_tabular_classifier_score,test,2019-08-30,0.12247054788993436,7486
temporal_tabular_small_random,prediction_temporal_tabular_classifier_score,test,2019-09-30,0.11129425369143042,7500
temporal_tabular_small_random,prediction_temporal_tabular_classifier_score,test,2019-10-31,0.015038662849435192,7504
temporal_tabular_small_random,prediction_temporal_tabular_classifier_score,test,2019-11-29,-0.06836810808048364,7501
temporal_tabular_small_random,prediction_temporal_tabular_classifier_score,test,2019-12-31,0.024005679306225162,7500
temporal_tabular_small_random,prediction_temporal_tabular_classifier_score,test,2020-01-31,-0.010325839105881834,7506
temporal_tabular_small_random,prediction_temporal_tabular_classifier_score,test,2020-02-28,0.0863491659119248,7506
temporal_tabular_small_random,prediction_temporal_tabular_classifier_score,test,2020-03-31,-0.18185721512568642,7475
temporal_tabular_small_random,prediction_temporal_tabular_classifier_score,test,2020-04-30,-0.04994115098888974,7480
temporal_tabular_small_random,prediction_temporal_tabular_classifier_score,test,2020-05-29,-0.1448876183698685,7473
temporal_tabular_small_random,prediction_temporal_tabular_classifier_score,test,2020-06-30,0.1255148526411827,7519
temporal_tabular_small_random,prediction_temporal_tabular_classifier_score,test,2020-07-31,0.04364111122768287,7547
temporal_tabular_small_random,prediction_temporal_tabular_classifier_score,test,2020-08-31,0.11917590583180868,7574
temporal_tabular_small_random,prediction_temporal_tabular_classifier_score,test,2020-09-30,0.12521921005304948,7628
temporal_tabular_small_random,prediction_temporal_tabular_classifier_score,test,2020-10-30,-0.1998909634832382,7701
temporal_tabular_small_random,prediction_temporal_tabular_classifier_score,test,2020-11-30,0.009139818630449529,7773
temporal_tabular_small_random,prediction_temporal_tabular_classifier_score,test,2020-12-31,-0.24773337548454344,7875
temporal_tabular_small_random,prediction_temporal_tabular_classifier_score,test,2021-01-29,0.036309889815680466,7964
temporal_tabular_small_random,prediction_temporal_tabular_classifier_score,test,2021-02-26,0.28271544453165315,8055
temporal_tabular_small_random,prediction_temporal_tabular_classifier_score,test,2021-03-31,0.2418657256433885,8212
temporal_tabular_small_random,prediction_temporal_tabular_classifier_score,test,2021-04-30,0.17750987457567313,8360
temporal_tabular_small_random,prediction_temporal_tabular_classifier_score,test,2021-05-28,-0.18338559202445104,8479
temporal_tabular_small_random,prediction_temporal_tabular_classifier_score,test,2021-06-30,0.3420854523850215,8587
temporal_tabular_small_random,prediction_temporal_tabular_classifier_score,test,2021-07-30,0.08455000817668941,8722
temporal_tabular_small_random,prediction_temporal_tabular_classifier_score,test,2021-08-31,0.12739882661490104,8776
temporal_tabular_small_random,prediction_temporal_tabular_classifier_score,test,2021-09-30,0.21506740896607046,8872
temporal_tabular_small_random,prediction_temporal_tabular_classifier_score,test,2021-10-29,0.2814141131467832,8968
temporal_tabular_small_random,prediction_temporal_tabular_classifier_score,test,2021-11-30,0.40136783513329943,9068
temporal_tabular_small_random,prediction_temporal_tabular_classifier_score,test,2021-12-31,0.2933762136644505,9189
temporal_tabular_small_random,prediction_temporal_tabular_classifier_score,test,2022-01-31,0.1258994557040996,9272
temporal_tabular_small_random,prediction_temporal_tabular_classifier_score,test,2022-02-28,0.01585962204655761,9347
temporal_tabular_small_random,prediction_temporal_tabular_classifier_score,test,2022-03-31,0.3596729382530802,9382
temporal_tabular_small_random,prediction_temporal_tabular_classifier_score,test,2022-04-29,0.2426068023089316,9421
temporal_tabular_small_random,prediction_temporal_tabular_classifier_score,test,2022-05-31,0.05677516472283629,9432
temporal_tabular_small_random,prediction_temporal_tabular_classifier_score,test,2022-06-30,0.006163745195987854,9457
temporal_tabular_small_random,prediction_temporal_tabular_classifier_score,test,2022-07-29,0.023836159961023982,9458
temporal_tabular_small_random,prediction_temporal_tabular_classifier_score,test,2022-08-31,0.28161142552650187,9469
temporal_tabular_small_random,prediction_temporal_tabular_classifier_score,test,2022-09-30,0.2396779748128248,9495
temporal_tabular_small_random,prediction_temporal_tabular_classifier_score,test,2022-10-31,0.15507824280664406,9483
temporal_tabular_small_random,prediction_temporal_tabular_classifier_score,test,2022-11-30,0.1973267251663922,9465
temporal_tabular_small_random,prediction_temporal_tabular_classifier_score,test,2022-12-30,-0.3126814340817268,9402
temporal_tabular_small_random,prediction_temporal_tabular_classifier_score,test,2023-01-31,0.24609301291113878,9376
temporal_tabular_small_random,prediction_temporal_tabular_classifier_score,test,2023-02-28,0.1539949114440987,9352
temporal_tabular_small_random,prediction_temporal_tabular_classifier_score,test,2023-03-31,0.11476127418521484,9324
temporal_tabular_small_random,prediction_temporal_tabular_classifier_score,test,2023-04-28,-0.056537948257765515,9298
temporal_tabular_small_random,prediction_temporal_tabular_classifier_score,test,2023-05-31,0.14309919894891707,9304
temporal_tabular_small_random,prediction_temporal_tabular_classifier_score,test,2023-06-30,0.009960599346449637,9291
temporal_tabular_small_random,prediction_temporal_tabular_classifier_score,test,2023-07-31,0.26191493979978386,9265
temporal_tabular_small_random,prediction_temporal_tabular_classifier_score,test,2023-08-31,0.2415308813748835,9278
temporal_tabular_small_random,prediction_temporal_tabular_classifier_score,test,2023-09-29,0.2648104824200804,9318
temporal_tabular_small_random,prediction_temporal_tabular_classifier_score,test,2023-10-31,0.026262455904801335,9331
temporal_tabular_small_random,prediction_temporal_tabular_classifier_score,test,2023-11-30,-0.045968687145182006,9327
temporal_tabular_small_random,prediction_temporal_tabular_classifier_score,test,2023-12-29,0.16447479723349312,9309
temporal_tabular_small_random,prediction_temporal_tabular_classifier_score,test,2024-01-31,-0.000828074444716906,9367
temporal_tabular_small_random,prediction_temporal_tabular_classifier_score,test,2024-02-29,0.20346197396489554,9327
temporal_tabular_small_random,prediction_temporal_tabular_classifier_score,test,2024-03-28,0.1510457651041011,9334
temporal_tabular_small_random,prediction_temporal_tabular_classifier_score,test,2024-04-30,0.10350529337173428,9344
temporal_tabular_small_random,prediction_temporal_tabular_classifier_score,test,2024-05-31,0.14280140049877105,9372
temporal_tabular_small_random,prediction_temporal_tabular_classifier_score,test,2024-06-28,0.15416447796765995,9404
temporal_tabular_small_random,prediction_temporal_tabular_classifier_score,test,2024-07-31,0.18151403378863146,9436
temporal_tabular_small_random,prediction_temporal_tabular_classifier_score,test,2024-08-30,0.07039018968850111,9439
temporal_tabular_small_random,prediction_temporal_tabular_classifier_score,test,2024-09-30,0.07408785709436076,9542
temporal_tabular_small_random,prediction_temporal_tabular_classifier_score,test,2024-10-31,0.1759604961582419,9583
temporal_tabular_small_random,prediction_temporal_tabular_er_train_score,test,2015-12-31,0.19665952348276047,7175
temporal_tabular_small_random,prediction_temporal_tabular_er_train_score,test,2016-01-29,0.04963852878617163,7146
temporal_tabular_small_random,prediction_temporal_tabular_er_train_score,test,2016-02-29,-0.014980120492883739,7134
temporal_tabular_small_random,prediction_temporal_tabular_er_train_score,test,2016-03-31,-0.06482892121105618,7115
temporal_tabular_small_random,prediction_temporal_tabular_er_train_score,test,2016-04-29,0.06273589668064715,7106
temporal_tabular_small_random,prediction_temporal_tabular_er_train_score,test,2016-05-31,0.0375212343709507,7115
temporal_tabular_small_random,prediction_temporal_tabular_er_train_score,test,2016-06-30,0.05740182883142768,7119
temporal_tabular_small_random,prediction_temporal_tabular_er_train_score,test,2016-07-29,0.0291211966779043,7119
temporal_tabular_small_random,prediction_temporal_tabular_er_train_score,test,2016-08-31,-0.0032624233399047744,7082
temporal_tabular_small_random,prediction_temporal_tabular_er_train_score,test,2016-09-30,0.0917822535865291,7090
temporal_tabular_small_random,prediction_temporal_tabular_er_train_score,test,2016-10-31,0.2406739697622588,7107
temporal_tabular_small_random,prediction_temporal_tabular_er_train_score,test,2016-11-30,0.18459882214096351,7096
temporal_tabular_small_random,prediction_temporal_tabular_er_train_score,test,2016-12-30,-0.10381464431342562,7108
temporal_tabular_small_random,prediction_temporal_tabular_er_train_score,test,2017-01-31,0.016230687936358627,7126
temporal_tabular_small_random,prediction_temporal_tabular_er_train_score,test,2017-02-28,-0.007999144009642103,7109
temporal_tabular_small_random,prediction_temporal_tabular_er_train_score,test,2017-03-31,0.10237618576115252,7110
temporal_tabular_small_random,prediction_temporal_tabular_er_train_score,test,2017-04-28,-0.021106838885443013,7129
temporal_tabular_small_random,prediction_temporal_tabular_er_train_score,test,2017-05-31,0.09525647805746092,7144
temporal_tabular_small_random,prediction_temporal_tabular_er_train_score,test,2017-06-30,0.03139791769067124,7146
temporal_tabular_small_random,prediction_temporal_tabular_er_train_score,test,2017-07-31,-0.0041821687861247694,7157
temporal_tabular_small_random,prediction_temporal_tabular_er_train_score,test,2017-08-31,0.13903047065090426,7132
temporal_tabular_small_random,prediction_temporal_tabular_er_train_score,test,2017-09-29,0.11952029645177162,7116
temporal_tabular_small_random,prediction_temporal_tabular_er_train_score,test,2017-10-31,0.08963523630407345,7152
temporal_tabular_small_random,prediction_temporal_tabular_er_train_score,test,2017-11-30,-0.03667064083444981,7206
temporal_tabular_small_random,prediction_temporal_tabular_er_train_score,test,2017-12-29,0.03999769499813017,7205
temporal_tabular_small_random,prediction_temporal_tabular_er_train_score,test,2018-01-31,-0.05354194592598949,7242
temporal_tabular_small_random,prediction_temporal_tabular_er_train_score,test,2018-02-28,0.10852437189583516,7264
temporal_tabular_small_random,prediction_temporal_tabular_er_train_score,test,2018-03-29,0.034893130269953394,7211
temporal_tabular_small_random,prediction_temporal_tabular_er_train_score,test,2018-04-30,0.10275144480734925,7258
temporal_tabular_small_random,prediction_temporal_tabular_er_train_score,test,2018-05-31,0.07683337535856964,7270
temporal_tabular_small_random,prediction_temporal_tabular_er_train_score,test,2018-06-29,0.10979166619347927,7322
temporal_tabular_small_random,prediction_temporal_tabular_er_train_score,test,2018-07-31,0.031467420376645,7355
temporal_tabular_small_random,prediction_temporal_tabular_er_train_score,test,2018-08-31,-0.0272927118347677,7344
temporal_tabular_small_random,prediction_temporal_tabular_er_train_score,test,2018-09-28,-0.008403142370106316,7373
temporal_tabular_small_random,prediction_temporal_tabular_er_train_score,test,2018-10-31,0.08549012064425794,7413
temporal_tabular_small_random,prediction_temporal_tabular_er_train_score,test,2018-11-30,-0.020105356374609362,7412
temporal_tabular_small_random,prediction_temporal_tabular_er_train_score,test,2018-12-31,-0.02242110231330236,7407
temporal_tabular_small_random,prediction_temporal_tabular_er_train_score,test,2019-01-31,0.048840868508264024,7408
temporal_tabular_small_random,prediction_temporal_tabular_er_train_score,test,2019-02-28,-0.08275553252583959,7390
temporal_tabular_small_random,prediction_temporal_tabular_er_train_score,test,2019-03-29,0.09472813913406626,7390
temporal_tabular_small_random,prediction_temporal_tabular_er_train_score,test,2019-04-30,-0.015056422202269024,7396
temporal_tabular_small_random,prediction_temporal_tabular_er_train_score,test,2019-05-31,0.11658766383049968,7458
temporal_tabular_small_random,prediction_temporal_tabular_er_train_score,test,2019-06-28,0.09763756867025505,7471
temporal_tabular_small_random,prediction_temporal_tabular_er_train_score,test,2019-07-31,-0.05965507430818494,7494
temporal_tabular_small_random,prediction_temporal_tabular_er_train_score,test,2019-08-30,0.11790247654415267,7486
temporal_tabular_small_random,prediction_temporal_tabular_er_train_score,test,2019-09-30,0.05314203179864656,7500
temporal_tabular_small_random,prediction_temporal_tabular_er_train_score,test,2019-10-31,0.05887673718713165,7504
temporal_tabular_small_random,prediction_temporal_tabular_er_train_score,test,2019-11-29,-0.025749961240578434,7501
temporal_tabular_small_random,prediction_temporal_tabular_er_train_score,test,2019-12-31,-0.08507619556925276,7500
temporal_tabular_small_random,prediction_temporal_tabular_er_train_score,test,2020-01-31,-0.1089476590598196,7506
temporal_tabular_small_random,prediction_temporal_tabular_er_train_score,test,2020-02-28,-0.10659226328145616,7506
temporal_tabular_small_random,prediction_temporal_tabular_er_train_score,test,2020-03-31,0.05240572679278155,7475
temporal_tabular_small_random,prediction_temporal_tabular_er_train_score,test,2020-04-30,-0.011428198127172487,7480
temporal_tabular_small_random,prediction_temporal_tabular_er_train_score,test,2020-05-29,0.009595281537938285,7473
temporal_tabular_small_random,prediction_temporal_tabular_er_train_score,test,2020-06-30,-0.0021635688940022297,7519
temporal_tabular_small_random,prediction_temporal_tabular_er_train_score,test,2020-07-31,0.03756363944534662,7547
temporal_tabular_small_random,prediction_temporal_tabular_er_train_score,test,2020-08-31,-0.02410494848062281,7574
temporal_tabular_small_random,prediction_temporal_tabular_er_train_score,test,2020-09-30,0.10976800878498101,7628
temporal_tabular_small_random,prediction_temporal_tabular_er_train_score,test,2020-10-30,0.017489059203927702,7701
temporal_tabular_small_random,prediction_temporal_tabular_er_train_score,test,2020-11-30,0.08977509980953714,7773
temporal_tabular_small_random,prediction_temporal_tabular_er_train_score,test,2020-12-31,-0.10182969934641924,7875
temporal_tabular_small_random,prediction_temporal_tabular_er_train_score,test,2021-01-29,0.15966786644292902,7964
temporal_tabular_small_random,prediction_temporal_tabular_er_train_score,test,2021-02-26,0.17958527677115663,8055
temporal_tabular_small_random,prediction_temporal_tabular_er_train_score,test,2021-03-31,0.1985364426186715,8212
temporal_tabular_small_random,prediction_temporal_tabular_er_train_score,test,2021-04-30,0.13687095860599482,8360
temporal_tabular_small_random,prediction_temporal_tabular_er_train_score,test,2021-05-28,-0.17365573244625832,8479
temporal_tabular_small_random,prediction_temporal_tabular_er_train_score,test,2021-06-30,0.10185353554439765,8587
temporal_tabular_small_random,prediction_temporal_tabular_er_train_score,test,2021-07-30,0.026414317932371173,8722
temporal_tabular_small_random,prediction_temporal_tabular_er_train_score,test,2021-08-31,0.08566115052062545,8776
temporal_tabular_small_random,prediction_temporal_tabular_er_train_score,test,2021-09-30,0.12053522484317701,8872
temporal_tabular_small_random,prediction_temporal_tabular_er_train_score,test,2021-10-29,0.07958960323993639,8968
temporal_tabular_small_random,prediction_temporal_tabular_er_train_score,test,2021-11-30,0.22634204141312544,9068
temporal_tabular_small_random,prediction_temporal_tabular_er_train_score,test,2021-12-31,0.11721716880202981,9189
temporal_tabular_small_random,prediction_temporal_tabular_er_train_score,test,2022-01-31,0.13746813626758073,9272
temporal_tabular_small_random,prediction_temporal_tabular_er_train_score,test,2022-02-28,-0.0027812812912694283,9347
temporal_tabular_small_random,prediction_temporal_tabular_er_train_score,test,2022-03-31,0.10729111392458783,9382
temporal_tabular_small_random,prediction_temporal_tabular_er_train_score,test,2022-04-29,0.07801404218652652,9421
temporal_tabular_small_random,prediction_temporal_tabular_er_train_score,test,2022-05-31,-0.06573065478322997,9432
temporal_tabular_small_random,prediction_temporal_tabular_er_train_score,test,2022-06-30,0.07259178216237488,9457
temporal_tabular_small_random,prediction_temporal_tabular_er_train_score,test,2022-07-29,0.057446733855812414,9458
temporal_tabular_small_random,prediction_temporal_tabular_er_train_score,test,2022-08-31,0.034569336258440095,9469
temporal_tabular_small_random,prediction_temporal_tabular_er_train_score,test,2022-09-30,0.2225851371462184,9495
temporal_tabular_small_random,prediction_temporal_tabular_er_train_score,test,2022-10-31,-0.0008276762237163727,9483
temporal_tabular_small_random,prediction_temporal_tabular_er_train_score,test,2022-11-30,0.026518675532220815,9465
temporal_tabular_small_random,prediction_temporal_tabular_er_train_score,test,2022-12-30,-0.05899232721526166,9402
temporal_tabular_small_random,prediction_temporal_tabular_er_train_score,test,2023-01-31,0.1215002247461747,9376
temporal_tabular_small_random,prediction_temporal_tabular_er_train_score,test,2023-02-28,-0.01953174667254858,9352
temporal_tabular_small_random,prediction_temporal_tabular_er_train_score,test,2023-03-31,-0.0539484304148976,9324
temporal_tabular_small_random,prediction_temporal_tabular_er_train_score,test,2023-04-28,-0.07617518739307254,9298
temporal_tabular_small_random,prediction_temporal_tabular_er_train_score,test,2023-05-31,0.18990561551251917,9304
temporal_tabular_small_random,prediction_temporal_tabular_er_train_score,test,2023-06-30,0.10527390983973131,9291
temporal_tabular_small_random,prediction_temporal_tabular_er_train_score,test,2023-07-31,0.02385150935914741,9265
temporal_tabular_small_random,prediction_temporal_tabular_er_train_score,test,2023-08-31,0.0643230259764644,9278
temporal_tabular_small_random,prediction_temporal_tabular_er_train_score,test,2023-09-29,0.03419675836720501,9318
temporal_tabular_small_random,prediction_temporal_tabular_er_train_score,test,2023-10-31,0.04776524917939803,9331
temporal_tabular_small_random,prediction_temporal_tabular_er_train_score,test,2023-11-30,0.11954258797459064,9327
temporal_tabular_small_random,prediction_temporal_tabular_er_train_score,test,2023-12-29,-0.03939314045687366,9309
temporal_tabular_small_random,prediction_temporal_tabular_er_train_score,test,2024-01-31,-0.01146332616460651,9367
temporal_tabular_small_random,prediction_temporal_tabular_er_train_score,test,2024-02-29,0.16153206257404382,9327
temporal_tabular_small_random,prediction_temporal_tabular_er_train_score,test,2024-03-28,-0.0014257033429448725,9334
temporal_tabular_small_random,prediction_temporal_tabular_er_train_score,test,2024-04-30,0.083228150474529,9344
temporal_tabular_small_random,prediction_temporal_tabular_er_train_score,test,2024-05-31,-0.027870095928057736,9372
temporal_tabular_small_random,prediction_temporal_tabular_er_train_score,test,2024-06-28,0.21737864909472457,9404
temporal_tabular_small_random,prediction_temporal_tabular_er_train_score,test,2024-07-31,-0.01217244861319905,9436
temporal_tabular_small_random,prediction_temporal_tabular_er_train_score,test,2024-08-30,0.0544076958226171,9439
temporal_tabular_small_random,prediction_temporal_tabular_er_train_score,test,2024-09-30,0.06780975021680112,9542
temporal_tabular_small_random,prediction_temporal_tabular_er_train_score,test,2024-10-31,0.19667403093715763,9583
