spec_id,source_file,score_label,score_column,model_family,rule,q,gate_type,threshold,z_threshold,one_way_cost_bps,split,months,net_annualized_return,net_annualized_volatility,net_sharpe,gross_annualized_return,gross_annualized_volatility,gross_sharpe,max_drawdown,average_drawdown,average_monthly_turnover,average_gross_exposure,average_net_exposure,exposure_normalized_annualized_return,exposure_normalized_sharpe,average_n_long,average_n_short,min_n_long,min_n_short,annualized_alpha,beta,alpha_tstat,alpha_beta_months,mean_rank_ic,rank_ic_tstat,rank_ic_hit_rate,rank_ic_months,comparison_role,validation_rank
temporal_tabular_backtest__small_ft_warmstart_er_train__gross_normalized_long_short__q0.1__absolute__thr0.01__zna__cost25,temporal_tabular_backtest_predictions.parquet,temporal_tabular_backtest__small_ft_warmstart_er_train,score_small_ft_warmstart_er_train,TTT,gross_normalized_long_short,0.1,absolute,0.01,,25.0,test,107,0.38811901233825563,0.27048497492842666,1.434900450352025,0.4214461200497073,0.27036086277941185,1.55882813702058,-0.6283316874450606,-0.09963157546626528,0.8088882561427784,1.0,1.164757380628119e-17,0.38811901233825563,1.4349004503520248,812.6168224299065,34.205607476635514,709,1,0.4173280906936131,-0.2975033286386,4.4787554036864785,107,0.07210055704262384,7.367018743214936,0.7383177570093458,107,top_validation,1
temporal_tabular_backtest__small_ft_warmstart_er_train__gross_normalized_long_short__q0.1__absolute__thr0.01__zna__cost25,temporal_tabular_backtest_predictions.parquet,temporal_tabular_backtest__small_ft_warmstart_er_train,score_small_ft_warmstart_er_train,TTT,gross_normalized_long_short,0.1,absolute,0.01,,25.0,validation,60,0.7113993559886385,0.291340591591258,2.441813384475824,0.7512433929237357,0.2917892285846422,2.574609750221863,-0.27511176256738756,-0.030662328530294734,0.8047804845099111,0.9583333333333334,0.041666666666666664,0.7480847740226351,2.5351160647061666,676.0333333333333,5.433333333333334,651,0,0.544273277378959,0.3794014434445171,4.004501344235231,60,0.05069009242350038,4.164906412674889,0.7,60,top_validation,1
temporal_tabular_backtest__small_ft_warmstart_er_train__gross_normalized_long_short__q0.2__absolute__thr0.01__zna__cost25,temporal_tabular_backtest_predictions.parquet,temporal_tabular_backtest__small_ft_warmstart_er_train,score_small_ft_warmstart_er_train,TTT,gross_normalized_long_short,0.2,absolute,0.01,,25.0,test,107,0.3832746197906993,0.26859341096556094,1.4269695537685503,0.41397486979974496,0.268452560193588,1.5420783079931035,-0.6269217259288726,-0.10104351167965234,0.7479217282772419,1.0,1.0379969210225707e-17,0.3832746197906993,1.4269695537685503,1624.7570093457944,34.205607476635514,1417,1,0.4129805166852487,-0.29652508227728824,4.46381208733064,107,0.07210055704262384,7.367018743214936,0.7383177570093458,107,top_validation,2
temporal_tabular_backtest__small_ft_warmstart_er_train__gross_normalized_long_short__q0.2__absolute__thr0.01__zna__cost25,temporal_tabular_backtest_predictions.parquet,temporal_tabular_backtest__small_ft_warmstart_er_train,score_small_ft_warmstart_er_train,TTT,gross_normalized_long_short,0.2,absolute,0.01,,25.0,validation,60,0.7051599929314223,0.29018223249674496,2.430059162699881,0.7421456413121836,0.29062742068078645,2.553598141475187,-0.27280927630850893,-0.030275508542055,0.7503268403884394,0.9583333333333334,0.041666666666666664,0.7424985151314678,2.523122122538768,1351.5166666666667,5.433333333333334,1302,0,0.5405152165243343,0.3759926201280292,3.992247718356581,60,0.05069009242350038,4.164906412674889,0.7,60,top_validation,2
temporal_tabular_backtest__small_ft_warmstart_er_train__long_short_130_30__q0.1__absolute__thr0.01__zna__cost25,temporal_tabular_backtest_predictions.parquet,temporal_tabular_backtest__small_ft_warmstart_er_train,score_small_ft_warmstart_er_train,TTT,long_short_130_30,0.1,absolute,0.01,,25.0,test,107,0.39088160510489844,0.2203082653821662,1.7742484805408487,0.4282580425288718,0.22041217777251995,1.9429872108557569,-0.3382104206559542,-0.034250509372822376,0.908470087657714,1.5999999999999999,1.0,0.237476954846487,1.7246884818200603,812.6168224299065,34.205607476635514,709,1,0.21768266286546833,0.9358964521758527,3.7613400759402613,107,0.07210055704262384,7.367018743214936,0.7383177570093458,107,top_validation,3
temporal_tabular_backtest__small_ft_warmstart_er_train__long_short_130_30__q0.1__absolute__thr0.01__zna__cost25,temporal_tabular_backtest_predictions.parquet,temporal_tabular_backtest__small_ft_warmstart_er_train,score_small_ft_warmstart_er_train,TTT,long_short_130_30,0.1,absolute,0.01,,25.0,validation,60,0.5557758243231128,0.23173335785588423,2.3983419110025226,0.5976781652697765,0.23176981908974637,2.578757525967358,-0.1859845020840315,-0.0185430298579796,0.9185791576383743,1.5749999999999995,1.025,0.33896963839007666,2.25211810849029,676.0333333333333,5.433333333333334,651,0,0.30255272053071175,1.3915433333644256,3.89692944682057,60,0.05069009242350038,4.164906412674889,0.7,60,top_validation,3
temporal_tabular_backtest__small_ft_warmstart_er_train__long_short_130_30__q0.2__absolute__thr0.01__zna__cost25,temporal_tabular_backtest_predictions.parquet,temporal_tabular_backtest__small_ft_warmstart_er_train,score_small_ft_warmstart_er_train,TTT,long_short_130_30,0.2,absolute,0.01,,25.0,test,107,0.37717400707776205,0.21686061581419405,1.7392462234863537,0.4076426499636072,0.216898787391274,1.8794141491821315,-0.34443683774661027,-0.035238696306074076,0.7486190010856866,1.5999999999999996,1.0,0.22957568347292168,1.6938119085274341,1624.7570093457944,34.205607476635514,1417,1,0.2064095495696625,0.9385031424109445,3.677271469327885,107,0.07210055704262384,7.367018743214936,0.7383177570093458,107,top_validation,4
temporal_tabular_backtest__small_ft_warmstart_er_train__long_short_130_30__q0.2__absolute__thr0.01__zna__cost25,temporal_tabular_backtest_predictions.parquet,temporal_tabular_backtest__small_ft_warmstart_er_train,score_small_ft_warmstart_er_train,TTT,long_short_130_30,0.2,absolute,0.01,,25.0,validation,60,0.5404786386861753,0.22948287117242264,2.355202529604421,0.5754312717546699,0.2295147822790313,2.507164314388659,-0.18317620233778575,-0.018020413036018836,0.7747279494055644,1.5749999999999995,1.025,0.3306573705873417,2.211455663401121,1351.5166666666667,5.433333333333334,1302,0,0.29284360411073906,1.3827311119582082,3.821755190070383,60,0.05069009242350038,4.164906412674889,0.7,60,top_validation,4
temporal_tabular_backtest__small_random_er_train__long_short_130_30__q0.1__absolute__thr0.01__zna__cost25,temporal_tabular_backtest_predictions.parquet,temporal_tabular_backtest__small_random_er_train,score_small_random_er_train,TTT,long_short_130_30,0.1,absolute,0.01,,25.0,test,107,0.29328193081571596,0.22066649254389092,1.329073242768753,0.3286453523420678,0.22073663131198706,1.4888573336863313,-0.34017620943819626,-0.041930865773582016,0.9184530666094932,1.5999999999999999,1.0,0.1818650186067472,1.3186597857076932,812.6168224299065,42.45794392523364,709,3,0.1678782259124223,0.7704206342504267,2.5899338101199323,107,0.048017321331156784,5.907811814572144,0.6542056074766355,107,top_validation,5
temporal_tabular_backtest__small_random_er_train__long_short_130_30__q0.1__absolute__thr0.01__zna__cost25,temporal_tabular_backtest_predictions.parquet,temporal_tabular_backtest__small_random_er_train,score_small_random_er_train,TTT,long_short_130_30,0.1,absolute,0.01,,25.0,validation,60,0.3682911299468974,0.16183683023302997,2.2756941631678798,0.4094504053183816,0.1617524738351471,2.5313393706465366,-0.13584161741607925,-0.013274555273417003,1.0137092014446845,1.5999999999999994,1.0,0.2213449972037136,2.1883275581707564,676.0333333333333,15.383333333333333,651,1,0.27136832444445885,0.476832085148155,3.7854344020254254,60,0.058305597735209526,5.172353054817317,0.7333333333333333,60,top_validation,5
temporal_tabular_backtest__small_random_er_train__long_short_130_30__q0.2__absolute__thr0.01__zna__cost25,temporal_tabular_backtest_predictions.parquet,temporal_tabular_backtest__small_random_er_train,score_small_random_er_train,TTT,long_short_130_30,0.2,absolute,0.01,,25.0,test,107,0.29057466952374833,0.2182230195670089,1.3315491193380846,0.3198992917994359,0.21824993781602806,1.4657474590856117,-0.34749020265878683,-0.039231972964347044,0.7644087637422389,1.5999999999999996,1.0,0.18017364746533948,1.3210239530024595,1624.7570093457944,42.45794392523364,1417,3,0.1575440727112481,0.8212749849780993,2.5451079004301502,107,0.048017321331156784,5.907811814572144,0.6542056074766355,107,top_validation,6
temporal_tabular_backtest__small_random_er_train__long_short_130_30__q0.2__absolute__thr0.01__zna__cost25,temporal_tabular_backtest_predictions.parquet,temporal_tabular_backtest__small_random_er_train,score_small_random_er_train,TTT,long_short_130_30,0.2,absolute,0.01,,25.0,validation,60,0.36732542414502634,0.16350634612212525,2.2465514816817302,0.40132439791568575,0.1634036144087389,2.4560313391343365,-0.13962095865241664,-0.01376559136660464,0.8396351209091322,1.5999999999999994,1.0,0.22088066595655298,2.161439442029476,1351.5166666666667,15.383333333333333,1302,1,0.26338473708219273,0.5373970114888449,3.6983831641779283,60,0.058305597735209526,5.172353054817317,0.7333333333333333,60,top_validation,6
temporal_tabular_backtest__small_mlp_warmstart_er_train__gross_normalized_long_short__q0.2__absolute__thr0.01__zna__cost25,temporal_tabular_backtest_predictions.parquet,temporal_tabular_backtest__small_mlp_warmstart_er_train,score_small_mlp_warmstart_er_train,TTT,gross_normalized_long_short,0.2,absolute,0.01,,25.0,test,107,0.5899006332009455,0.2239853205358985,2.6336575619758134,0.6380368197945168,0.2242367522071444,2.8453713029392884,-0.13076031625724815,-0.018319976895508586,1.0344194837614742,0.9672897196261683,0.032710280373831786,0.6217803261650197,2.7461139602198337,1624.7570093457944,42.08411214953271,1417,0,0.45504198127823603,0.2728493034928095,5.917518006087932,107,0.0742884048601147,6.905043154920014,0.7757009345794392,107,top_validation,7
temporal_tabular_backtest__small_mlp_warmstart_er_train__gross_normalized_long_short__q0.2__absolute__thr0.01__zna__cost25,temporal_tabular_backtest_predictions.parquet,temporal_tabular_backtest__small_mlp_warmstart_er_train,score_small_mlp_warmstart_er_train,TTT,gross_normalized_long_short,0.2,absolute,0.01,,25.0,validation,60,0.673703312848954,0.34509875057333833,1.9522044392501579,0.7219968170544984,0.3449940162727114,2.092780694734639,-0.30302991154686043,-0.048965200672324356,0.9850988449184507,0.9166666666666666,0.08333333333333334,0.7019031989798872,1.9797950919805016,1351.5166666666667,4.35,1302,0,0.5295067216827807,0.42737609736481547,3.2852220685052895,60,0.04105012226735031,2.531479926636879,0.7,60,top_validation,7
temporal_tabular_backtest__small_mlp_warmstart_er_train__gross_normalized_long_short__q0.1__absolute__thr0.01__zna__cost25,temporal_tabular_backtest_predictions.parquet,temporal_tabular_backtest__small_mlp_warmstart_er_train,score_small_mlp_warmstart_er_train,TTT,gross_normalized_long_short,0.1,absolute,0.01,,25.0,test,107,0.5870828267565189,0.22523859735485974,2.60649299743054,0.6393092810854781,0.22553610684414074,2.834620540502989,-0.13192798220110957,-0.01902014049657075,1.1229321829781658,0.9672897196261683,0.03271028037383179,0.6165387338238588,2.7172186166878634,812.6168224299065,42.08411214953271,709,0,0.45382848752878024,0.2705106839710457,5.865852257208718,107,0.0742884048601147,6.905043154920014,0.7757009345794392,107,top_validation,8
temporal_tabular_backtest__small_mlp_warmstart_er_train__gross_normalized_long_short__q0.1__absolute__thr0.01__zna__cost25,temporal_tabular_backtest_predictions.parquet,temporal_tabular_backtest__small_mlp_warmstart_er_train,score_small_mlp_warmstart_er_train,TTT,gross_normalized_long_short,0.1,absolute,0.01,,25.0,validation,60,0.6701800067970927,0.34512830819227613,1.9418285631433205,0.7231092865419104,0.345036369598774,2.095748014572432,-0.3029136661765587,-0.04907734175339249,1.080648230416457,0.9166666666666666,0.08333333333333333,0.7002306114724692,1.9676666516578123,676.0333333333333,4.35,651,0,0.525996532197897,0.4381543326766089,3.264956349782513,60,0.04105012226735031,2.531479926636879,0.7,60,top_validation,8
temporal_tabular_backtest__small_random_classifier__long_short_130_30__q0.2__absolute__thr0.02__zna__cost25,temporal_tabular_backtest_predictions.parquet,temporal_tabular_backtest__small_random_classifier,score_small_random_classifier,TTT,long_short_130_30,0.2,absolute,0.02,,25.0,test,107,0.14561107939578033,0.15322771685553493,0.950292038437565,0.16116870366892133,0.1532360258081861,1.0517677081410672,-0.30132571422749577,-0.039614512667881095,0.45466872486428833,1.5999999999999996,1.0,0.09192868332384485,0.959917019822375,1616.0747663551401,1415.018691588785,908,836,0.03201861007435641,0.7708371470663715,0.9578764323101542,107,0.08967175349916962,7.052654125961678,0.8037383177570093,107,top_validation,9
temporal_tabular_backtest__small_random_classifier__long_short_130_30__q0.2__absolute__thr0.02__zna__cost25,temporal_tabular_backtest_predictions.parquet,temporal_tabular_backtest__small_random_classifier,score_small_random_classifier,TTT,long_short_130_30,0.2,absolute,0.02,,25.0,validation,60,0.17574144850749374,0.09980473921278837,1.7608527399966925,0.1933153843617319,0.09961207764378388,1.9406821836708816,-0.09923481113351418,-0.009588066672909549,0.5007268067733759,1.5999999999999994,1.0,0.10801451027929132,1.731613326281019,1349.0333333333333,988.9666666666667,1170,699,0.08197537056636413,0.6903348800014508,2.9772479788623096,60,0.09313225421719075,6.503703461364478,0.8166666666666667,60,top_validation,9
temporal_tabular_backtest__small_mlp_warmstart_er_train__long_short_130_30__q0.2__absolute__thr0.01__zna__cost25,temporal_tabular_backtest_predictions.parquet,temporal_tabular_backtest__small_mlp_warmstart_er_train,score_small_mlp_warmstart_er_train,TTT,long_short_130_30,0.2,absolute,0.01,,25.0,test,107,0.48178165753491276,0.26248682161258785,1.8354508412082824,0.536023641484366,0.26278414455147364,2.03978684634594,-0.38459173479559994,-0.02739281377350039,1.2392374546151248,1.5803738317757008,1.019626168224299,0.3000517511508678,1.796226534053099,1624.7570093457944,42.08411214953271,1417,0,0.231126065230841,1.3364016561899688,4.115374697062512,107,0.0742884048601147,6.905043154920014,0.7757009345794392,107,top_validation,10
temporal_tabular_backtest__small_mlp_warmstart_er_train__long_short_130_30__q0.2__absolute__thr0.01__zna__cost25,temporal_tabular_backtest_predictions.parquet,temporal_tabular_backtest__small_mlp_warmstart_er_train,score_small_mlp_warmstart_er_train,TTT,long_short_130_30,0.2,absolute,0.01,,25.0,validation,60,0.4799224213110529,0.2752796483739878,1.7433995725649967,0.5341131773102972,0.2752604857932116,1.9403917557260568,-0.24587286129089214,-0.0404072579991641,1.236995098379554,1.5499999999999996,1.0499999999999998,0.29826936538332105,1.6366615850107524,1351.5166666666667,4.35,1302,0,0.24301587710984307,1.5401431228219888,2.47876797611354,60,0.04105012226735031,2.531479926636879,0.7,60,top_validation,10
temporal_tabular_backtest__small_random_classifier__long_short_130_30__q0.1__absolute__thr0.005__zna__cost25,temporal_tabular_backtest_predictions.parquet,temporal_tabular_backtest__small_random_classifier,score_small_random_classifier,TTT,long_short_130_30,0.1,absolute,0.005,,25.0,test,107,0.14886055299498402,0.1526383364220734,0.975250100887872,0.17140061088065583,0.1527571653615488,1.122046291412788,-0.28723756143460233,-0.04814859395054134,0.6557475855349684,1.5999999999999999,1.0,0.09380350400427928,0.9832759575669917,812.6168224299065,811.6168224299065,709,708,0.0504329467673785,0.6667253300233971,1.2864896831407129,107,0.08967175349916962,7.052654125961678,0.8037383177570093,107,top_validation,11
temporal_tabular_backtest__small_random_classifier__long_short_130_30__q0.1__absolute__thr0.005__zna__cost25,temporal_tabular_backtest_predictions.parquet,temporal_tabular_backtest__small_random_classifier,score_small_random_classifier,TTT,long_short_130_30,0.1,absolute,0.005,,25.0,validation,60,0.17125457987106985,0.09880606676942659,1.7332395213211835,0.19585698780247496,0.09853550388544931,1.987679365096311,-0.09094351012690338,-0.010525896073836425,0.70150520998363,1.5999999999999994,1.0,0.10534684545442197,1.7059170376695012,676.0333333333333,675.0333333333333,651,650,0.08821871069151653,0.6085136434825279,2.735741884192903,60,0.09313225421719075,6.503703461364478,0.8166666666666667,60,top_validation,11
temporal_tabular_backtest__small_random_classifier__long_short_130_30__q0.1__absolute__thr0.01__zna__cost25,temporal_tabular_backtest_predictions.parquet,temporal_tabular_backtest__small_random_classifier,score_small_random_classifier,TTT,long_short_130_30,0.1,absolute,0.01,,25.0,test,107,0.14886055299498402,0.1526383364220734,0.975250100887872,0.17140061088065583,0.1527571653615488,1.122046291412788,-0.28723756143460233,-0.04814859395054134,0.6557475855349684,1.5999999999999999,1.0,0.09380350400427928,0.9832759575669917,812.6168224299065,811.6168224299065,709,708,0.0504329467673785,0.6667253300233971,1.2864896831407129,107,0.08967175349916962,7.052654125961678,0.8037383177570093,107,top_validation,12
temporal_tabular_backtest__small_random_classifier__long_short_130_30__q0.1__absolute__thr0.01__zna__cost25,temporal_tabular_backtest_predictions.parquet,temporal_tabular_backtest__small_random_classifier,score_small_random_classifier,TTT,long_short_130_30,0.1,absolute,0.01,,25.0,validation,60,0.17125457987106985,0.09880606676942659,1.7332395213211835,0.19585698780247496,0.09853550388544931,1.987679365096311,-0.09094351012690338,-0.010525896073836425,0.70150520998363,1.5999999999999994,1.0,0.10534684545442197,1.7059170376695012,676.0333333333333,675.0333333333333,651,650,0.08821871069151653,0.6085136434825279,2.735741884192903,60,0.09313225421719075,6.503703461364478,0.8166666666666667,60,top_validation,12
temporal_tabular_backtest__small_random_classifier__long_short_130_30__q0.1__absolute__thr0.02__zna__cost25,temporal_tabular_backtest_predictions.parquet,temporal_tabular_backtest__small_random_classifier,score_small_random_classifier,TTT,long_short_130_30,0.1,absolute,0.02,,25.0,test,107,0.14886055299498402,0.1526383364220734,0.975250100887872,0.17140061088065583,0.1527571653615488,1.122046291412788,-0.28723756143460233,-0.04814859395054134,0.6557475855349684,1.5999999999999999,1.0,0.09380350400427928,0.9832759575669917,812.6168224299065,811.6168224299065,709,708,0.0504329467673785,0.6667253300233971,1.2864896831407129,107,0.08967175349916962,7.052654125961678,0.8037383177570093,107,top_validation,13
temporal_tabular_backtest__small_random_classifier__long_short_130_30__q0.1__absolute__thr0.02__zna__cost25,temporal_tabular_backtest_predictions.parquet,temporal_tabular_backtest__small_random_classifier,score_small_random_classifier,TTT,long_short_130_30,0.1,absolute,0.02,,25.0,validation,60,0.17125457987106985,0.09880606676942659,1.7332395213211835,0.19585698780247496,0.09853550388544931,1.987679365096311,-0.09094351012690338,-0.010525896073836425,0.70150520998363,1.5999999999999994,1.0,0.10534684545442197,1.7059170376695012,676.0333333333333,675.0333333333333,651,650,0.08821871069151653,0.6085136434825279,2.735741884192903,60,0.09313225421719075,6.503703461364478,0.8166666666666667,60,top_validation,13
temporal_tabular_backtest__small_random_classifier__long_short_130_30__q0.1__absolute__thr0__zna__cost25,temporal_tabular_backtest_predictions.parquet,temporal_tabular_backtest__small_random_classifier,score_small_random_classifier,TTT,long_short_130_30,0.1,absolute,0.0,,25.0,test,107,0.14886055299498402,0.1526383364220734,0.975250100887872,0.17140061088065583,0.1527571653615488,1.122046291412788,-0.28723756143460233,-0.04814859395054134,0.6557475855349684,1.5999999999999999,1.0,0.09380350400427928,0.9832759575669917,812.6168224299065,811.6168224299065,709,708,0.0504329467673785,0.6667253300233971,1.2864896831407129,107,0.08967175349916962,7.052654125961678,0.8037383177570093,107,top_validation,14
temporal_tabular_backtest__small_random_classifier__long_short_130_30__q0.1__absolute__thr0__zna__cost25,temporal_tabular_backtest_predictions.parquet,temporal_tabular_backtest__small_random_classifier,score_small_random_classifier,TTT,long_short_130_30,0.1,absolute,0.0,,25.0,validation,60,0.17125457987106985,0.09880606676942659,1.7332395213211835,0.19585698780247496,0.09853550388544931,1.987679365096311,-0.09094351012690338,-0.010525896073836425,0.70150520998363,1.5999999999999994,1.0,0.10534684545442197,1.7059170376695012,676.0333333333333,675.0333333333333,651,650,0.08821871069151653,0.6085136434825279,2.735741884192903,60,0.09313225421719075,6.503703461364478,0.8166666666666667,60,top_validation,14
temporal_tabular_backtest__small_random_classifier__long_short_130_30__q0.1__none__thrna__zna__cost25,temporal_tabular_backtest_predictions.parquet,temporal_tabular_backtest__small_random_classifier,score_small_random_classifier,TTT,long_short_130_30,0.1,none,,,25.0,test,107,0.14886055299498402,0.1526383364220734,0.975250100887872,0.17140061088065583,0.1527571653615488,1.122046291412788,-0.28723756143460233,-0.04814859395054134,0.6557475855349684,1.5999999999999999,1.0,0.09380350400427928,0.9832759575669917,812.6168224299065,811.6168224299065,709,708,0.0504329467673785,0.6667253300233971,1.2864896831407129,107,0.08967175349916962,7.052654125961678,0.8037383177570093,107,top_validation,15
temporal_tabular_backtest__small_random_classifier__long_short_130_30__q0.1__none__thrna__zna__cost25,temporal_tabular_backtest_predictions.parquet,temporal_tabular_backtest__small_random_classifier,score_small_random_classifier,TTT,long_short_130_30,0.1,none,,,25.0,validation,60,0.17125457987106985,0.09880606676942659,1.7332395213211835,0.19585698780247496,0.09853550388544931,1.987679365096311,-0.09094351012690338,-0.010525896073836425,0.70150520998363,1.5999999999999994,1.0,0.10534684545442197,1.7059170376695012,676.0333333333333,675.0333333333333,651,650,0.08821871069151653,0.6085136434825279,2.735741884192903,60,0.09313225421719075,6.503703461364478,0.8166666666666667,60,top_validation,15
temporal_tabular_backtest__small_random_classifier__long_short_130_30__q0.1__sign__thr0__zna__cost25,temporal_tabular_backtest_predictions.parquet,temporal_tabular_backtest__small_random_classifier,score_small_random_classifier,TTT,long_short_130_30,0.1,sign,0.0,,25.0,test,107,0.14886055299498402,0.1526383364220734,0.975250100887872,0.17140061088065583,0.1527571653615488,1.122046291412788,-0.28723756143460233,-0.04814859395054134,0.6557475855349684,1.5999999999999999,1.0,0.09380350400427928,0.9832759575669917,812.6168224299065,811.6168224299065,709,708,0.0504329467673785,0.6667253300233971,1.2864896831407129,107,0.08967175349916962,7.052654125961678,0.8037383177570093,107,top_validation,16
temporal_tabular_backtest__small_random_classifier__long_short_130_30__q0.1__sign__thr0__zna__cost25,temporal_tabular_backtest_predictions.parquet,temporal_tabular_backtest__small_random_classifier,score_small_random_classifier,TTT,long_short_130_30,0.1,sign,0.0,,25.0,validation,60,0.17125457987106985,0.09880606676942659,1.7332395213211835,0.19585698780247496,0.09853550388544931,1.987679365096311,-0.09094351012690338,-0.010525896073836425,0.70150520998363,1.5999999999999994,1.0,0.10534684545442197,1.7059170376695012,676.0333333333333,675.0333333333333,651,650,0.08821871069151653,0.6085136434825279,2.735741884192903,60,0.09313225421719075,6.503703461364478,0.8166666666666667,60,top_validation,16
temporal_tabular_backtest__small_random_er_train__long_short_130_30__q0.1__absolute__thr0__zna__cost25,temporal_tabular_backtest_predictions.parquet,temporal_tabular_backtest__small_random_er_train,score_small_random_er_train,TTT,long_short_130_30,0.1,absolute,0.0,,25.0,test,107,0.2041932096094896,0.17714428595430234,1.1526943051505767,0.233795478648948,0.17714948778823247,1.319763785760595,-0.33903132740552855,-0.03843668723745797,0.8219401020083906,1.5999999999999996,1.0,0.1277308472771186,1.1536886699021758,812.6168224299065,303.89719626168227,709,98,0.08346127550878689,0.7913067192104594,1.8714526498745354,107,0.048017321331156784,5.907811814572144,0.6542056074766355,107,top_validation,17
temporal_tabular_backtest__small_random_er_train__long_short_130_30__q0.1__absolute__thr0__zna__cost25,temporal_tabular_backtest_predictions.parquet,temporal_tabular_backtest__small_random_er_train,score_small_random_er_train,TTT,long_short_130_30,0.1,absolute,0.0,,25.0,validation,60,0.21473615952571223,0.12396370820003949,1.732250209708101,0.24754682842020048,0.12378086975254404,1.9998795364346897,-0.096480507892864,-0.013093186823118098,0.902552986560294,1.5999999999999994,1.0,0.13167347020330866,1.6995099241894631,676.0333333333333,167.28333333333333,651,61,0.10874828121427085,0.7628219682125651,2.68556381245592,60,0.058305597735209526,5.172353054817317,0.7333333333333333,60,top_validation,17
temporal_tabular_backtest__small_random_er_train__long_short_130_30__q0.1__sign__thr0__zna__cost25,temporal_tabular_backtest_predictions.parquet,temporal_tabular_backtest__small_random_er_train,score_small_random_er_train,TTT,long_short_130_30,0.1,sign,0.0,,25.0,test,107,0.2041932096094896,0.17714428595430234,1.1526943051505767,0.233795478648948,0.17714948778823247,1.319763785760595,-0.33903132740552855,-0.03843668723745797,0.8219401020083906,1.5999999999999996,1.0,0.1277308472771186,1.1536886699021758,812.6168224299065,303.89719626168227,709,98,0.08346127550878689,0.7913067192104594,1.8714526498745354,107,0.048017321331156784,5.907811814572144,0.6542056074766355,107,top_validation,18
temporal_tabular_backtest__small_random_er_train__long_short_130_30__q0.1__sign__thr0__zna__cost25,temporal_tabular_backtest_predictions.parquet,temporal_tabular_backtest__small_random_er_train,score_small_random_er_train,TTT,long_short_130_30,0.1,sign,0.0,,25.0,validation,60,0.21473615952571223,0.12396370820003949,1.732250209708101,0.24754682842020048,0.12378086975254404,1.9998795364346897,-0.096480507892864,-0.013093186823118098,0.902552986560294,1.5999999999999994,1.0,0.13167347020330866,1.6995099241894631,676.0333333333333,167.28333333333333,651,61,0.10874828121427085,0.7628219682125651,2.68556381245592,60,0.058305597735209526,5.172353054817317,0.7333333333333333,60,top_validation,18
temporal_tabular_backtest__tiny_random_classifier__long_short_130_30__q0.2__absolute__thr0.02__zna__cost25,temporal_tabular_backtest_predictions.parquet,temporal_tabular_backtest__tiny_random_classifier,score_tiny_random_classifier,TTT,long_short_130_30,0.2,absolute,0.02,,25.0,test,107,0.14669516855432163,0.15129326274802382,0.9696080703781224,0.16235394938687397,0.15125044425120435,1.0734113885789873,-0.29015358428028404,-0.042169862212683845,0.45692841612355944,1.5999999999999999,1.0,0.092491825816853,0.978146142260375,1624.7570093457944,1560.2803738317757,1417,1027,0.032894525607992386,0.7692778420126541,1.013981706394527,107,0.10282189990222247,8.25360267330377,0.822429906542056,107,top_validation,19
temporal_tabular_backtest__tiny_random_classifier__long_short_130_30__q0.2__absolute__thr0.02__zna__cost25,temporal_tabular_backtest_predictions.parquet,temporal_tabular_backtest__tiny_random_classifier,score_tiny_random_classifier,TTT,long_short_130_30,0.2,absolute,0.02,,25.0,validation,60,0.17704252442538193,0.10286457245618089,1.7211224447639637,0.19430483262034137,0.10271949192377514,1.8916062470843293,-0.10921515304064111,-0.009768390158952887,0.4915406282101814,1.5999999999999994,1.0,0.1088659680522106,1.6933482998506413,1351.5166666666667,1289.7166666666667,1302,988,0.07726706597678851,0.7396948765990677,2.9634374234600895,60,0.09754903405508678,7.534536896654375,0.8833333333333333,60,top_validation,19
temporal_tabular_backtest__tiny_random_classifier__long_short_130_30__q0.1__absolute__thr0.005__zna__cost25,temporal_tabular_backtest_predictions.parquet,temporal_tabular_backtest__tiny_random_classifier,score_tiny_random_classifier,TTT,long_short_130_30,0.1,absolute,0.005,,25.0,test,107,0.1574446590343075,0.15473811089482056,1.017491154078562,0.1820543543695854,0.15477069532927681,1.1762843992027188,-0.2831709479521818,-0.04810837557316981,0.710037360016757,1.5999999999999999,1.0,0.09899456494596293,1.0236088769443703,812.6168224299065,811.6168224299065,709,708,0.05133647046285445,0.7124793918624366,1.3577716063838454,107,0.10282189990222247,8.25360267330377,0.822429906542056,107,top_validation,20
temporal_tabular_backtest__tiny_random_classifier__long_short_130_30__q0.1__absolute__thr0.005__zna__cost25,temporal_tabular_backtest_predictions.parquet,temporal_tabular_backtest__tiny_random_classifier,score_tiny_random_classifier,TTT,long_short_130_30,0.1,absolute,0.005,,25.0,validation,60,0.18141445577299553,0.10566423661852127,1.7168955322883244,0.208291308583747,0.10551056642532568,1.9741274797454873,-0.10978091794822831,-0.010894647889048304,0.7601299781010152,1.5999999999999994,1.0,0.11153501372649344,1.6888970920848827,676.0333333333333,675.0333333333333,651,650,0.0853950319309938,0.7070642731202728,2.7637427647931423,60,0.09754903405508678,7.534536896654375,0.8833333333333333,60,top_validation,20
dl_xgb__dl_xgb_predictions_prob_xgb_er_train__long_short__q0.2__absolute__thr0.005__zna__cost25,dl_xgb_predictions.parquet,dl_xgb__dl_xgb_predictions_prob_xgb_er_train,score_dl_xgb_predictions_prob_xgb_er_train,XGBoost,long_short,0.2,absolute,0.005,,25.0,test,107,0.19544357100807463,0.23199375715201662,0.8424518547712815,0.2598983927220626,0.23120432405590838,1.1241069724077288,-0.510270316993238,-0.08949064991531347,1.7696796928613334,2.0,4.172658454481595e-18,0.1015587636289852,0.8755301424980814,1624.7570093457944,439.6355140186916,1417,82,0.26418026516733134,-0.3725442604455217,3.3632920462550615,107,0.05075072335254678,5.859456566981384,0.7102803738317757,107,baseline,136
dl_xgb__dl_xgb_predictions_prob_xgb_er_train__long_short__q0.2__absolute__thr0.005__zna__cost25,dl_xgb_predictions.parquet,dl_xgb__dl_xgb_predictions_prob_xgb_er_train,score_dl_xgb_predictions_prob_xgb_er_train,XGBoost,long_short,0.2,absolute,0.005,,25.0,validation,60,0.1949872814391327,0.16504328386288258,1.1814311789937935,0.2514540247635244,0.16522860981349277,1.5218552346797654,-0.15801178740433408,-0.039395262783495776,1.564107042460263,2.0,8.153200337090994e-18,0.09716372447086141,1.1774332429253493,1351.5166666666667,322.55,1302,75,0.21398119501827836,-0.1696867866436739,2.7667131139825987,60,0.053724502857138846,4.151757360784629,0.7333333333333333,60,baseline,136
baseline_with_boosting__naive_momentum__long_short__qna__zscore__thrna__z1__cost25,baseline_predictions_with_boosting.parquet,baseline_with_boosting__naive_momentum,prediction_naive_momentum,Naive Momentum,long_short,,zscore,,1.0,25.0,test,108,0.03373763547082609,0.24425294306553685,0.1381258094473554,0.07763485188129926,0.24362686441829112,0.3186629359067947,-0.5464859788961547,-0.15855100453127624,1.382551736428478,1.9722222222222223,0.02777777777777777,0.027616828618136413,0.22118916669768257,528.5370370370371,743.4814814814815,265,0,0.10860939527884314,-0.29381271893167554,1.303034752247031,108,0.04699663085263838,3.783776147443148,0.6388888888888888,108,baseline,159
baseline_with_boosting__naive_momentum__long_short__qna__zscore__thrna__z1__cost25,baseline_predictions_with_boosting.parquet,baseline_with_boosting__naive_momentum,prediction_naive_momentum,Naive Momentum,long_short,,zscore,,1.0,25.0,validation,60,0.18542969075427562,0.1630990672923488,1.1369144767817712,0.23053409722242924,0.16297949605781656,1.4144975460020313,-0.1292259909540231,-0.023670557321154747,1.2625717658486308,2.0,-6.534125092845973e-18,0.09265058050796982,1.136126429734846,551.85,631.4333333333333,332,80,0.16487422328401596,0.15698402297689568,2.155221071481992,60,0.07105682479115141,4.149069021390073,0.65,60,baseline,159
dl_xgb__mlp_er_train_score__gross_normalized_long_short__q0.2__absolute__thr0.005__zna__cost25,dl_xgb_predictions.parquet,dl_xgb__mlp_er_train_score,prediction_mlp_er_train_score,MLP,gross_normalized_long_short,0.2,absolute,0.005,,25.0,test,107,0.09264328013207979,0.11780138048160689,0.7864362858340594,0.12007163916038377,0.11756638014514689,1.0213093148920966,-0.3191872001283875,-0.061701357578735,0.8320096165667226,1.0,1.1419587368141716e-18,0.09264328013207979,0.7864362858340594,1624.7570093457944,394.3551401869159,1417,119,0.11418519860534285,-0.12114945062034388,2.8084252204786297,107,0.07382412623735081,7.09218098297882,0.7850467289719626,107,model_representative,48
dl_xgb__mlp_er_train_score__gross_normalized_long_short__q0.2__absolute__thr0.005__zna__cost25,dl_xgb_predictions.parquet,dl_xgb__mlp_er_train_score,prediction_mlp_er_train_score,MLP,gross_normalized_long_short,0.2,absolute,0.005,,25.0,validation,60,0.1362854315047668,0.09150197866957553,1.4894260592648998,0.16736837075317856,0.09157853062700547,1.8275939743438463,-0.057653534488598335,-0.012208879559781794,0.9101077048409991,1.0,5.955883934187037e-18,0.1362854315047668,1.4894260592648998,1351.5166666666667,106.86666666666666,1302,6,0.12671936673802872,0.04686580647736842,2.9390161945986755,60,0.03967774939834089,2.4653000983158946,0.6833333333333333,60,model_representative,48
dl_xgb__ft_classifier_score__long_short_130_30__qna__zscore__thrna__z0.5__cost25,dl_xgb_predictions.parquet,dl_xgb__ft_classifier_score,prediction_ft_classifier_score,FT-Transformer,long_short_130_30,,zscore,,0.5,25.0,test,107,0.10620560174521354,0.11500001145491189,0.9235268797069088,0.12084133874691294,0.11497424221895915,1.051029660337142,-0.2502878394278615,-0.03267862755515384,0.44171866564773105,1.5999999999999996,1.0,0.06692435745434011,0.9311214022698309,4005.803738317757,1866.8785046728972,2677,1325,0.015260655957334163,0.6138649973955929,0.6790405944983428,107,0.0933013615220402,6.190525647764559,0.7383177570093458,107,model_representative,75
dl_xgb__ft_classifier_score__long_short_130_30__qna__zscore__thrna__z0.5__cost25,dl_xgb_predictions.parquet,dl_xgb__ft_classifier_score,prediction_ft_classifier_score,FT-Transformer,long_short_130_30,,zscore,,0.5,25.0,validation,60,0.12209865212501247,0.09325238875199707,1.3093353828150343,0.13708695652656244,0.09311146924086172,1.4722886196967258,-0.10359940130873646,-0.01023185130312,0.44622821475005764,1.5999999999999994,1.0,0.07586590281125005,1.301687239571121,3116.016666666667,1533.9333333333334,2697,1338,0.0336543316513458,0.6942531946559697,1.5698373348322476,60,0.09359803096183468,5.972553325407592,0.7833333333333333,60,model_representative,75
